﻿<?xml version="1.0" encoding="UTF-8"?>
<configuration>
    <property name="LOG_HOME" value="logs"/>

    <appender name="FILE" class="ch.qos.logback.core.rolling.RollingFileAppender">
        <rollingPolicy class="ch.qos.logback.core.rolling.TimeBasedRollingPolicy">
            <fileNamePattern>${LOG_HOME}/logback.%d{yyyy-MM-dd}.log</fileNamePattern>
            <maxHistory>30</maxHistory>
        </rollingPolicy>
        <encoder>
            <pattern>%d{HH:mm:ss.SSS} [%thread] %-0level %logger{40} - %msg%n</pattern>
        </encoder>
    </appender>
    <appender name="STDOUT" class="ch.qos.logback.core.ConsoleAppender">
        <!-- encoder的默认实现类是ch.qos.logback.classic.encoder.PatternLayoutEncoder -->
        <encoder>
            <pattern>%d{HH:mm:ss.SSS} [%thread] %-5level %logger{5} - %msg%n</pattern>
        </encoder>
    </appender>
    <!-- 异步输出 -->
    <appender name="ASYNC" class="ch.qos.logback.classic.AsyncAppender">
        <!-- 不丢失日志.默认的,如果队列的80%已满,则会丢弃TRACT、DEBUG、INFO级别的日志 -->
        <discardingThreshold>0</discardingThreshold>
        <!-- 更改默认的队列的深度,该值会影响性能.默认值为256 -->
        <queueSize>8</queueSize>
        <!-- 添加附加的appender,最多只能添加一个 -->
        <appender-ref ref="FILE"/>
    </appender>
    <root level="DEBUG">
        <appender-ref ref="ASYNC"/>
        <appender-ref ref="STDOUT"/>
    </root>


    <!--<logger name="org.springframework" level="DEBUG">-->
        <!--<appender-ref ref="candao"/>-->
    <!--</logger>-->
    <!--<logger name="org.springframework.web" level="debug">-->
        <!--<appender-ref ref="candao"/>-->
    <!--</logger>-->
    <!--<logger name="org.apache" level="info">-->
        <!--<appender-ref ref="candao"/>-->
    <!--</logger>-->
    <!--<logger name="org.mybatis.spring" level="DEBUG">-->
        <!--<appender-ref ref="candao"/>-->
        <!--<appender-ref ref="STDOUT"/>-->
    <!--</logger>-->


</configuration>