-- Script was generated by Devart dbForge Studio for MySQL, Version 5.0.50.0
-- Product home page: http://www.devart.com/dbforge/mysql/studio
-- Script date 2015/12/2 15:06:23
-- Server version: 5.6.24
-- Client version: 4.1

-- 
-- Disable foreign keys
-- 
/*!40014 SET @OLD_FOREIGN_KEY_CHECKS=@@FOREIGN_KEY_CHECKS, FOREIGN_KEY_CHECKS=0 */;

-- 
-- Set character set the client will use to send SQL statements to the server
--
SET NAMES 'utf8';
SET autocommit=0;

INSERT INTO sequence(name, val) VALUES ('one', 0);
INSERT INTO sequence(name, val) VALUES ('two', 0);
INSERT INTO sequence(name, val) VALUES ('three', 0);

INSERT INTO t_b_application(id, name, type, description, createtime, creator, webroot) VALUES ('1', 'WEB aplication', '1', NULL, '2015-06-02 09:21:03', NULL, NULL);

INSERT INTO t_b_function(id, name, code, application, level, parent_fun, is_leaf, operation_type, status, description, createtime, creator, scope_code, scope_name, `index`) VALUES ('093c911d-662e-4a1b-b488-7d314633b43d', '查看优惠', '010301', NULL, 3, '3bcb378d-9412-49f5-90da-b0b16634a783', 1, NULL, NULL, '查看优惠', '2015-05-05 14:47:50', NULL, '02', '总店', 15);
INSERT INTO t_b_function(id, name, code, application, level, parent_fun, is_leaf, operation_type, status, description, createtime, creator, scope_code, scope_name, `index`) VALUES ('0956ec77-9649-4ed3-adb2-e11748dca34a', '开台', '030101', '1', 3, '9f7313e9-5c99-400e-b883-693023d856a4', 1, NULL, NULL, NULL, '2015-05-05 16:06:20', NULL, '03', '所有门店', 22);
INSERT INTO t_b_function(id, name, code, application, level, parent_fun, is_leaf, operation_type, status, description, createtime, creator, scope_code, scope_name, `index`) VALUES ('0968d3a8-8d3a-4106-ae5a-3ad84f2ada14', '菜品管理', '0304', '1', 2, '575dcbd4-28ce-4f53-b01a-e7e96be38ed8', 0, NULL, NULL, NULL, '2015-05-05 16:24:00', NULL, '03', '所有门店', 31);
INSERT INTO t_b_function(id, name, code, application, level, parent_fun, is_leaf, operation_type, status, description, createtime, creator, scope_code, scope_name, `index`) VALUES ('0b39e256-3016-4bf1-9087-4b30c548a9a8', '编辑菜品', '010202', NULL, 3, '85969423-01b2-460b-937e-a8743694f46d', 1, NULL, NULL, '编辑菜品', '2015-05-05 14:40:53', NULL, '02', '总店', 12);
INSERT INTO t_b_function(id, name, code, application, level, parent_fun, is_leaf, operation_type, status, description, createtime, creator, scope_code, scope_name, `index`) VALUES ('0c208c34-eb29-47ea-8b7e-aa6d1b72232a', '后台管理', '0303', '1', 2, '575dcbd4-28ce-4f53-b01a-e7e96be38ed8', 0, NULL, NULL, NULL, '2015-05-05 16:04:25', NULL, '03', '所有门店', 21);
INSERT INTO t_b_function(id, name, code, application, level, parent_fun, is_leaf, operation_type, status, description, createtime, creator, scope_code, scope_name, `index`) VALUES ('0f73303d-7d01-4ad7-b035-fdb222a4ca0b', '分店权限', '02', '1', 1, NULL, 0, NULL, NULL, '分店权限', '2015-05-05 14:26:29', NULL, '02', '分店', 7);
INSERT INTO t_b_function(id, name, code, application, level, parent_fun, is_leaf, operation_type, status, description, createtime, creator, scope_code, scope_name, `index`) VALUES ('1b6ab29b-b63b-4ee7-9d4c-36765fb3f55c', '查看菜谱', '010203', NULL, 3, '85969423-01b2-460b-937e-a8743694f46d', 1, NULL, NULL, '查看菜谱', '2015-05-05 14:41:43', NULL, '02', '总店', 13);
INSERT INTO t_b_function(id, name, code, application, level, parent_fun, is_leaf, operation_type, status, description, createtime, creator, scope_code, scope_name, `index`) VALUES ('20698799-a989-4b3d-bebc-b53078a421c2', '换肤', '030208', '1', 3, '9f7313e9-5c99-400e-b883-693023d856a4', 1, NULL, NULL, NULL, '2015-05-05 16:14:09', NULL, '03', '所有门店', 60);
INSERT INTO t_b_function(id, name, code, application, level, parent_fun, is_leaf, operation_type, status, description, createtime, creator, scope_code, scope_name, `index`) VALUES ('20698799-a989-4b3d-bebc-b53078a421cc', '结业', '030205', '1', 3, '906f69cb-c090-4d47-8431-1aca46ed192b', 1, NULL, NULL, NULL, '2015-05-05 16:14:09', NULL, '03', '所有门店', 28);
INSERT INTO t_b_function(id, name, code, application, level, parent_fun, is_leaf, operation_type, status, description, createtime, creator, scope_code, scope_name, `index`) VALUES ('20698799-a989-4b3d-bebc-b53078a421cd', '赠菜', '030207', '1', 3, '906f69cb-c090-4d47-8431-1aca46ed192b', 1, NULL, NULL, NULL, '2015-05-05 16:14:09', NULL, '03', '所有门店', 59);
INSERT INTO t_b_function(id, name, code, application, level, parent_fun, is_leaf, operation_type, status, description, createtime, creator, scope_code, scope_name, `index`) VALUES ('277083fa-c7fe-4d30-8fe9-26df5fa2f222', '编辑优惠', '010302', NULL, 3, '3bcb378d-9412-49f5-90da-b0b16634a783', 1, NULL, NULL, '编辑优惠', '2015-05-05 14:48:35', NULL, '02', '总店', 16);
INSERT INTO t_b_function(id, name, code, application, level, parent_fun, is_leaf, operation_type, status, description, createtime, creator, scope_code, scope_name, `index`) VALUES ('27a97aa0-2fee-411e-a85a-b9a20b09c2f7', '我的账户', '031001', '1', 3, 'fd55f121-22fb-453e-b169-a4bf27eccc76', 1, NULL, NULL, NULL, '2015-05-14 16:50:11', NULL, '03', '所有门店', 51);
INSERT INTO t_b_function(id, name, code, application, level, parent_fun, is_leaf, operation_type, status, description, createtime, creator, scope_code, scope_name, `index`) VALUES ('2da32651-b496-487e-914f-2230fed55862', '查看菜品', '010201', NULL, 3, '85969423-01b2-460b-937e-a8743694f46d', 1, NULL, NULL, '查看菜品', '2015-05-05 14:39:51', NULL, '02', '总店', 11);
INSERT INTO t_b_function(id, name, code, application, level, parent_fun, is_leaf, operation_type, status, description, createtime, creator, scope_code, scope_name, `index`) VALUES ('32a236f0-caa3-4571-8556-37caccc71312', '编辑餐台', '030602', '1', 3, '4dd91189-f156-4001-a535-60118514defc', 1, NULL, NULL, NULL, '2015-05-05 16:37:29', NULL, '03', '所有门店', 42);
INSERT INTO t_b_function(id, name, code, application, level, parent_fun, is_leaf, operation_type, status, description, createtime, creator, scope_code, scope_name, `index`) VALUES ('32a236f0-caa3-4571-8556-37caccc71313', '编辑餐台分区', '030603', '1', 1, '4dd91189-f156-4001-a535-60118514defc', 1, NULL, NULL, NULL, '2015-06-03 15:24:15', NULL, '03', '所有门店', 43);
INSERT INTO t_b_function(id, name, code, application, level, parent_fun, is_leaf, operation_type, status, description, createtime, creator, scope_code, scope_name, `index`) VALUES ('395001d0-846a-41c9-8c50-5cbb385361d7', '打印管理', '0305', '1', 2, '575dcbd4-28ce-4f53-b01a-e7e96be38ed8', 0, NULL, NULL, NULL, '2015-05-05 16:24:56', NULL, '03', '所有门店', 32);
INSERT INTO t_b_function(id, name, code, application, level, parent_fun, is_leaf, operation_type, status, description, createtime, creator, scope_code, scope_name, `index`) VALUES ('3a909228-6964-48c7-86f3-aadfa723ca9e', '编辑打印机', '030502', '1', 3, '395001d0-846a-41c9-8c50-5cbb385361d7', 1, NULL, NULL, NULL, '2015-05-05 16:35:01', NULL, '03', '所有门店', 40);
INSERT INTO t_b_function(id, name, code, application, level, parent_fun, is_leaf, operation_type, status, description, createtime, creator, scope_code, scope_name, `index`) VALUES ('3bcb378d-9412-49f5-90da-b0b16634a783', '优惠管理', '0103', NULL, 2, 'b98d5bbb-2db2-46f2-9489-7a219adf1aa9', 0, NULL, NULL, NULL, '2015-05-05 14:18:27', NULL, '02', '总店', 4);
INSERT INTO t_b_function(id, name, code, application, level, parent_fun, is_leaf, operation_type, status, description, createtime, creator, scope_code, scope_name, `index`) VALUES ('3bcb378d-9412-49f5-90da-b0b16634a790', '优惠活动', '0307', '1', 2, '575dcbd4-28ce-4f53-b01a-e7e96be38ed8-1', 0, NULL, NULL, NULL, '2015-05-05 14:18:27', NULL, '02', '分店', 4);
INSERT INTO t_b_function(id, name, code, application, level, parent_fun, is_leaf, operation_type, status, description, createtime, creator, scope_code, scope_name, `index`) VALUES ('3cd500fd-3078-4fe2-a93f-4af0b218b17b', '估清', '030402', '1', 3, '0968d3a8-8d3a-4106-ae5a-3ad84f2ada14', 1, NULL, NULL, NULL, '2015-05-05 16:33:51', NULL, '03', '所有门店', 38);
INSERT INTO t_b_function(id, name, code, application, level, parent_fun, is_leaf, operation_type, status, description, createtime, creator, scope_code, scope_name, `index`) VALUES ('3f79641c-896e-4383-91ea-aa9731d12345', '登录', '0100', NULL, 2, 'b98d5bbb-2db2-46f2-9489-7a219adf1aa9', 0, NULL, NULL, NULL, '2015-05-05 14:24:27', NULL, '02', '总店', NULL);
INSERT INTO t_b_function(id, name, code, application, level, parent_fun, is_leaf, operation_type, status, description, createtime, creator, scope_code, scope_name, `index`) VALUES ('3f79641c-896e-4383-91ea-aa9731da6d2e', '账户管理', '0105', NULL, 2, 'b98d5bbb-2db2-46f2-9489-7a219adf1aa9', 0, NULL, NULL, NULL, '2015-05-05 14:24:27', NULL, '02', '总店', 6);
INSERT INTO t_b_function(id, name, code, application, level, parent_fun, is_leaf, operation_type, status, description, createtime, creator, scope_code, scope_name, `index`) VALUES ('3f79641c-896e-4383-91ea-aa9731dabcde', '登录', '0300', NULL, 2, '575dcbd4-28ce-4f53-b01a-e7e96be38ed8-1', 0, NULL, NULL, NULL, '2015-05-05 14:24:27', NULL, '03', '所有门店', NULL);
INSERT INTO t_b_function(id, name, code, application, level, parent_fun, is_leaf, operation_type, status, description, createtime, creator, scope_code, scope_name, `index`) VALUES ('4dd91189-f156-4001-a535-60118514defc', '餐台管理', '0306', '1', 2, '575dcbd4-28ce-4f53-b01a-e7e96be38ed8', 0, NULL, NULL, NULL, '2015-05-05 16:25:50', NULL, '03', '所有门店', 33);
INSERT INTO t_b_function(id, name, code, application, level, parent_fun, is_leaf, operation_type, status, description, createtime, creator, scope_code, scope_name, `index`) VALUES ('4fd6f370-3b20-4a57-b964-4f63a5da90d7', '查看优惠', '030801', '1', 3, '9401f6d7-2b0f-4be0-ad4c-0f0c139d8d4b', 1, NULL, NULL, NULL, '2015-05-05 16:43:58', NULL, '03', '所有门店', 47);
INSERT INTO t_b_function(id, name, code, application, level, parent_fun, is_leaf, operation_type, status, description, createtime, creator, scope_code, scope_name, `index`) VALUES ('505d5572-faa2-4e76-8364-aa0f6683d891', '结算方式明细表', '010802', '1', 3, 'ec0964a5-d400-4e2c-b6fe-89adc16ed1d7', 1, NULL, NULL, NULL, '2015-05-05 16:41:34', NULL, '03', '所有门店', 44);
INSERT INTO t_b_function(id, name, code, application, level, parent_fun, is_leaf, operation_type, status, description, createtime, creator, scope_code, scope_name, `index`) VALUES ('505d5572-faa2-4e76-8364-aa0f6683d89c', '结算方式明细表', '010802', '1', 3, 'ec0964a5-d400-4e2c-b6fe-89adc16ed1d8', 1, NULL, NULL, NULL, '2015-05-05 16:41:34', NULL, '03', '所有门店', 44);
INSERT INTO t_b_function(id, name, code, application, level, parent_fun, is_leaf, operation_type, status, description, createtime, creator, scope_code, scope_name, `index`) VALUES ('575dcbd4-28ce-4f53-b01a-e7e96be38ed8', '分店权限', '03', '1', 1, '', 0, NULL, NULL, '分店角色的权限分类', '2015-05-05 16:02:45', NULL, '03', '所有门店', 18);
INSERT INTO t_b_function(id, name, code, application, level, parent_fun, is_leaf, operation_type, status, description, createtime, creator, scope_code, scope_name, `index`) VALUES ('5d646daf-72d4-4ef4-bd35-c3ea802078a9', '换台', '030103', '1', 3, '9f7313e9-5c99-400e-b883-693023d856a4', 1, NULL, NULL, NULL, '2015-05-21 15:58:48', NULL, '03', NULL, NULL);
INSERT INTO t_b_function(id, name, code, application, level, parent_fun, is_leaf, operation_type, status, description, createtime, creator, scope_code, scope_name, `index`) VALUES ('5eb5e07d-ee9e-449a-a837-e4bb25a67890', '云端登录', '010001', NULL, 3, '3f79641c-896e-4383-91ea-aa9731d12345', 1, NULL, NULL, NULL, '2015-05-14 16:49:30', NULL, '02', '总店', NULL);
INSERT INTO t_b_function(id, name, code, application, level, parent_fun, is_leaf, operation_type, status, description, createtime, creator, scope_code, scope_name, `index`) VALUES ('5eb5e07d-ee9e-449a-a837-e4bb25ab5eb4', '账户管理', '010501', NULL, 3, '3f79641c-896e-4383-91ea-aa9731da6d2e', 1, NULL, NULL, NULL, '2015-05-14 16:49:30', NULL, '01', NULL, 52);
INSERT INTO t_b_function(id, name, code, application, level, parent_fun, is_leaf, operation_type, status, description, createtime, creator, scope_code, scope_name, `index`) VALUES ('5eb5e07d-ee9e-449a-a837-e4bb25afghjk', '门店登录', '030001', NULL, 3, '3f79641c-896e-4383-91ea-aa9731dabcde', 1, NULL, NULL, NULL, '2015-05-14 16:49:30', NULL, '03', '所有门店', NULL);
INSERT INTO t_b_function(id, name, code, application, level, parent_fun, is_leaf, operation_type, status, description, createtime, creator, scope_code, scope_name, `index`) VALUES ('67f91aff-efde-4605-9321-7f656316ec4e', '分店管理', '0201', '1', 2, '0f73303d-7d01-4ad7-b035-fdb222a4ca0b', 0, NULL, NULL, NULL, '2015-05-05 14:28:01', NULL, '02', '总店', 8);
INSERT INTO t_b_function(id, name, code, application, level, parent_fun, is_leaf, operation_type, status, description, createtime, creator, scope_code, scope_name, `index`) VALUES ('6c724da1-fc3b-42fe-9130-d30f2213708c', '查看员工', '030901', '1', 3, 'aba3c9cb-562f-49d4-bd70-da9cbb2537d8', 1, NULL, NULL, NULL, '2015-05-05 16:46:10', NULL, '03', '所有门店', 48);
INSERT INTO t_b_function(id, name, code, application, level, parent_fun, is_leaf, operation_type, status, description, createtime, creator, scope_code, scope_name, `index`) VALUES ('72a8125d-4d47-414e-bfba-eb61ab5aa623', '登陆', '030301', '1', 3, '0c208c34-eb29-47ea-8b7e-aa6d1b72232a', 1, NULL, NULL, NULL, '2015-05-05 16:18:10', NULL, '03', '所有门店', 30);
INSERT INTO t_b_function(id, name, code, application, level, parent_fun, is_leaf, operation_type, status, description, createtime, creator, scope_code, scope_name, `index`) VALUES ('73eb054c-a379-44ae-af17-2ee9556dd933', '清机', '030204', '1', 3, '906f69cb-c090-4d47-8431-1aca46ed192b', 1, NULL, NULL, NULL, '2015-05-05 16:13:29', NULL, '03', '所有门店', 27);
INSERT INTO t_b_function(id, name, code, application, level, parent_fun, is_leaf, operation_type, status, description, createtime, creator, scope_code, scope_name, `index`) VALUES ('7e6bda32-eb35-4e9c-bb8b-a5a96413478e', '我的账户', '010701', '1', 3, '8cdc2bdb-d6dd-474a-a3f9-81e47ecd3751', 1, NULL, NULL, NULL, '2015-05-14 16:49:53', NULL, '01', NULL, 53);
INSERT INTO t_b_function(id, name, code, application, level, parent_fun, is_leaf, operation_type, status, description, createtime, creator, scope_code, scope_name, `index`) VALUES ('82a07e1b-1725-4c8f-95c8-52e5bf42c551', '品项销售明细表', '010803', '1', 3, 'ec0964a5-d400-4e2c-b6fe-89adc16ed1d8', 1, NULL, NULL, NULL, '2015-05-05 16:41:58', NULL, '03', '所有门店', 45);
INSERT INTO t_b_function(id, name, code, application, level, parent_fun, is_leaf, operation_type, status, description, createtime, creator, scope_code, scope_name, `index`) VALUES ('82a07e1b-1725-4c8f-95c8-52e5bf42c552', '品项销售明细表', '010803', '1', 3, 'ec0964a5-d400-4e2c-b6fe-89adc16ed1d7', 1, NULL, NULL, NULL, '2015-05-05 16:41:58', NULL, '03', '所有门店', 45);
INSERT INTO t_b_function(id, name, code, application, level, parent_fun, is_leaf, operation_type, status, description, createtime, creator, scope_code, scope_name, `index`) VALUES ('838976f1-205a-4a02-87cb-e18a1419e6c9', '编辑角色', '030903', '1', 3, 'aba3c9cb-562f-49d4-bd70-da9cbb2537d8', 1, NULL, NULL, NULL, '2015-05-05 16:46:46', NULL, '03', '所有门店', 50);
INSERT INTO t_b_function(id, name, code, application, level, parent_fun, is_leaf, operation_type, status, description, createtime, creator, scope_code, scope_name, `index`) VALUES ('85969423-01b2-460b-937e-a8743694f46d', '菜品管理', '0102', NULL, 2, 'b98d5bbb-2db2-46f2-9489-7a219adf1aa9', 0, NULL, NULL, NULL, '2015-05-05 14:16:09', NULL, '02', '总店', 3);
INSERT INTO t_b_function(id, name, code, application, level, parent_fun, is_leaf, operation_type, status, description, createtime, creator, scope_code, scope_name, `index`) VALUES ('883b94e9-3f44-44fc-82c1-2cf28aa22890', '门店管理', '0101', NULL, 2, 'b98d5bbb-2db2-46f2-9489-7a219adf1aa9', 0, NULL, NULL, '门店管理相关操作', '2015-05-05 14:14:55', NULL, '02', '总店', 2);
INSERT INTO t_b_function(id, name, code, application, level, parent_fun, is_leaf, operation_type, status, description, createtime, creator, scope_code, scope_name, `index`) VALUES ('8cdc2bdb-d6dd-474a-a3f9-81e47ecd3751', '我的账户', '0107', '1', 2, 'b98d5bbb-2db2-46f2-9489-7a219adf1aa91', 0, NULL, NULL, NULL, '2015-05-14 15:42:38', NULL, '01', NULL, 54);
INSERT INTO t_b_function(id, name, code, application, level, parent_fun, is_leaf, operation_type, status, description, createtime, creator, scope_code, scope_name, `index`) VALUES ('906f69cb-c090-4d47-8431-1aca46ed192b', '门店收银', '0302', '1', 2, '575dcbd4-28ce-4f53-b01a-e7e96be38ed8', 0, NULL, NULL, 'pos收银', '2015-05-05 16:00:15', NULL, '03', '所有门店', 20);
INSERT INTO t_b_function(id, name, code, application, level, parent_fun, is_leaf, operation_type, status, description, createtime, creator, scope_code, scope_name, `index`) VALUES ('9401f6d7-2b0f-4be0-ad4c-0f0c139d8d4b', '优惠活动', '0308', '1', 2, '575dcbd4-28ce-4f53-b01a-e7e96be38ed8', 0, NULL, NULL, NULL, '2015-05-05 16:27:20', NULL, '03', '所有门店', 35);
INSERT INTO t_b_function(id, name, code, application, level, parent_fun, is_leaf, operation_type, status, description, createtime, creator, scope_code, scope_name, `index`) VALUES ('94e062ee-6b4a-4a02-8608-47ab7a1cbb34', '并台', '030104', '1', 3, '9f7313e9-5c99-400e-b883-693023d856a4', 1, NULL, NULL, NULL, '2015-05-21 15:59:13', NULL, '03', NULL, NULL);
INSERT INTO t_b_function(id, name, code, application, level, parent_fun, is_leaf, operation_type, status, description, createtime, creator, scope_code, scope_name, `index`) VALUES ('96d5cdcd-1c71-4358-b08d-393756b5ceac', '编辑员工', '030902', '1', 3, 'aba3c9cb-562f-49d4-bd70-da9cbb2537d8', 1, NULL, NULL, NULL, '2015-05-05 16:46:29', NULL, '03', '所有门店', 49);
INSERT INTO t_b_function(id, name, code, application, level, parent_fun, is_leaf, operation_type, status, description, createtime, creator, scope_code, scope_name, `index`) VALUES ('9d7582e9-8405-41c8-8884-e1ab9320b161', '开业', '030202', '1', 3, '906f69cb-c090-4d47-8431-1aca46ed192b', 1, NULL, NULL, NULL, '2015-05-05 16:10:46', NULL, '03', '所有门店', 25);
INSERT INTO t_b_function(id, name, code, application, level, parent_fun, is_leaf, operation_type, status, description, createtime, creator, scope_code, scope_name, `index`) VALUES ('9f7313e9-5c99-400e-b883-693023d856a4', 'PAD操作', '0301', '1', 2, '575dcbd4-28ce-4f53-b01a-e7e96be38ed8', 0, NULL, NULL, 'pad点餐', '2015-05-05 15:58:50', NULL, '03', '所有门店', 19);
INSERT INTO t_b_function(id, name, code, application, level, parent_fun, is_leaf, operation_type, status, description, createtime, creator, scope_code, scope_name, `index`) VALUES ('aba3c9cb-562f-49d4-bd70-da9cbb2537d8', '员工管理', '0309', '1', 2, '575dcbd4-28ce-4f53-b01a-e7e96be38ed8', 0, NULL, NULL, NULL, '2015-05-05 16:27:41', NULL, '03', '所有门店', 36);
INSERT INTO t_b_function(id, name, code, application, level, parent_fun, is_leaf, operation_type, status, description, createtime, creator, scope_code, scope_name, `index`) VALUES ('ae731df2-8fac-40ce-8d3c-1810f09f0d23', '分店管理员', '020101', '1', 3, '67f91aff-efde-4605-9321-7f656316ec4e', 1, NULL, NULL, '分店管理员', '2015-05-05 14:51:34', NULL, '02', '总店', 17);
INSERT INTO t_b_function(id, name, code, application, level, parent_fun, is_leaf, operation_type, status, description, createtime, creator, scope_code, scope_name, `index`) VALUES ('afcb345a-ab00-4e69-93d1-3760e78209dc', '查看菜品', '030401', '1', 3, '0968d3a8-8d3a-4106-ae5a-3ad84f2ada14', 1, NULL, NULL, NULL, '2015-05-05 16:33:31', NULL, '03', '所有门店', 37);
INSERT INTO t_b_function(id, name, code, application, level, parent_fun, is_leaf, operation_type, status, description, createtime, creator, scope_code, scope_name, `index`) VALUES ('b925d77b-6879-48c1-aa6d-133b8971c1a5', '租户管理', '0106', '1', 2, 'b98d5bbb-2db2-46f2-9489-7a219adf1aa91', 1, NULL, NULL, NULL, '2015-05-14 15:38:18', NULL, '01', NULL, 55);
INSERT INTO t_b_function(id, name, code, application, level, parent_fun, is_leaf, operation_type, status, description, createtime, creator, scope_code, scope_name, `index`) VALUES ('b98d5bbb-2db2-46f2-9489-7a219adf1aa9', '总店权限', '01', '1', 1, NULL, 0, NULL, NULL, '分类', '2015-05-05 14:12:40', NULL, '02', '总店', 1);
INSERT INTO t_b_function(id, name, code, application, level, parent_fun, is_leaf, operation_type, status, description, createtime, creator, scope_code, scope_name, `index`) VALUES ('bbeb506c-55bd-4651-afd6-ff8afb254204', '租户管理', '010601', '1', 3, 'b925d77b-6879-48c1-aa6d-133b8971c1a5', 1, NULL, NULL, NULL, '2015-05-14 16:49:13', NULL, '01', NULL, 56);
INSERT INTO t_b_function(id, name, code, application, level, parent_fun, is_leaf, operation_type, status, description, createtime, creator, scope_code, scope_name, `index`) VALUES ('bd6dd951-b17e-4457-9237-0096b60dea90', '查看餐台', '030601', '1', 3, '4dd91189-f156-4001-a535-60118514defc', 1, NULL, NULL, NULL, '2015-05-05 16:37:12', NULL, '03', '所有门店', 41);
INSERT INTO t_b_function(id, name, code, application, level, parent_fun, is_leaf, operation_type, status, description, createtime, creator, scope_code, scope_name, `index`) VALUES ('be2b3f91-6782-4c50-a539-82dee1a0c9dd', '编辑门店', '010102', NULL, 3, '883b94e9-3f44-44fc-82c1-2cf28aa22890', 1, NULL, NULL, NULL, '2015-05-05 14:38:50', NULL, '02', '总店', 10);
INSERT INTO t_b_function(id, name, code, application, level, parent_fun, is_leaf, operation_type, status, description, createtime, creator, scope_code, scope_name, `index`) VALUES ('c536d675-773b-43fb-be43-8f8757cabcf5', '收银', '030206', '1', 3, '906f69cb-c090-4d47-8431-1aca46ed192b', 1, NULL, NULL, NULL, '2015-05-05 16:14:47', NULL, '03', '所有门店', 29);
INSERT INTO t_b_function(id, name, code, application, level, parent_fun, is_leaf, operation_type, status, description, createtime, creator, scope_code, scope_name, `index`) VALUES ('d31e837c-4983-4c59-962a-0bbf80ef4db2', '优惠活动明细表', '010804', '1', 3, 'ec0964a5-d400-4e2c-b6fe-89adc16ed1d7', 1, NULL, NULL, NULL, '2015-05-05 16:42:20', NULL, '03', '所有门店', 46);
INSERT INTO t_b_function(id, name, code, application, level, parent_fun, is_leaf, operation_type, status, description, createtime, creator, scope_code, scope_name, `index`) VALUES ('d31e837c-4983-4c59-962a-0bbf80ef4dbe', '优惠活动明细表', '010804', '1', 3, 'ec0964a5-d400-4e2c-b6fe-89adc16ed1d8', 1, NULL, NULL, NULL, '2015-05-05 16:42:20', NULL, '03', '所有门店', 46);
INSERT INTO t_b_function(id, name, code, application, level, parent_fun, is_leaf, operation_type, status, description, createtime, creator, scope_code, scope_name, `index`) VALUES ('d8b100a1-e036-4248-92ac-6468047eb2e8', '反结算', '030203', '1', 3, '906f69cb-c090-4d47-8431-1aca46ed192b', 1, NULL, NULL, NULL, '2015-05-05 16:12:00', NULL, '03', '所有门店', 26);
INSERT INTO t_b_function(id, name, code, application, level, parent_fun, is_leaf, operation_type, status, description, createtime, creator, scope_code, scope_name, `index`) VALUES ('e79e1e80-d066-400f-8fcc-e7bc0ac1e4b5', '查看门店', '010101', NULL, 3, '883b94e9-3f44-44fc-82c1-2cf28aa22890', 1, NULL, NULL, NULL, '2015-05-05 14:29:32', NULL, '02', '总店', 9);
INSERT INTO t_b_function(id, name, code, application, level, parent_fun, is_leaf, operation_type, status, description, createtime, creator, scope_code, scope_name, `index`) VALUES ('e7e80f7e-572f-47c6-8b55-e5a7f9e41eb2', '营业报表', '010801', '1', 3, 'ec0964a5-d400-4e2c-b6fe-89adc16ed1d7', 1, NULL, NULL, NULL, '2015-05-05 16:41:10', NULL, '03', '所有门店', 43);
INSERT INTO t_b_function(id, name, code, application, level, parent_fun, is_leaf, operation_type, status, description, createtime, creator, scope_code, scope_name, `index`) VALUES ('e7e80f7e-572f-47c6-8b55-e5a7f9e41eb3', '营业报表', '010801', '1', 3, 'ec0964a5-d400-4e2c-b6fe-89adc16ed1d8', 1, NULL, NULL, NULL, '2015-05-05 16:41:10', NULL, '03', '所有门店', 43);
INSERT INTO t_b_function(id, name, code, application, level, parent_fun, is_leaf, operation_type, status, description, createtime, creator, scope_code, scope_name, `index`) VALUES ('e93f3fce-fbe0-4ff7-a2cb-9d444d96d9c1', '查看打印机', '030501', '1', 3, '395001d0-846a-41c9-8c50-5cbb385361d7', 1, NULL, NULL, NULL, '2015-05-05 16:34:41', NULL, '03', '所有门店', 39);
INSERT INTO t_b_function(id, name, code, application, level, parent_fun, is_leaf, operation_type, status, description, createtime, creator, scope_code, scope_name, `index`) VALUES ('eb4279da-94f5-4f50-8bf2-bba2585976f6', '编辑菜谱', '010204', NULL, 3, '85969423-01b2-460b-937e-a8743694f46d', 1, NULL, NULL, '编辑菜谱', '2015-05-05 14:42:25', NULL, '02', '总店', 14);
INSERT INTO t_b_function(id, name, code, application, level, parent_fun, is_leaf, operation_type, status, description, createtime, creator, scope_code, scope_name, `index`) VALUES ('ec0964a5-d400-4e2c-b6fe-89adc16ed1d7', '报表分析', '0108', '1', 2, '575dcbd4-28ce-4f53-b01a-e7e96be38ed8', 0, NULL, NULL, NULL, '2015-05-05 16:26:33', NULL, '03', '所有门店', 34);
INSERT INTO t_b_function(id, name, code, application, level, parent_fun, is_leaf, operation_type, status, description, createtime, creator, scope_code, scope_name, `index`) VALUES ('ec0964a5-d400-4e2c-b6fe-89adc16ed1d8', '报表分析', '0108', '1', 2, 'b98d5bbb-2db2-46f2-9489-7a219adf1aa9', 0, NULL, NULL, NULL, '2015-05-05 16:26:33', NULL, '03', '所有门店', 34);
INSERT INTO t_b_function(id, name, code, application, level, parent_fun, is_leaf, operation_type, status, description, createtime, creator, scope_code, scope_name, `index`) VALUES ('f7726da7-0c81-40bb-adc8-b94220e32048', '退菜', '030102', '1', 3, '9f7313e9-5c99-400e-b883-693023d856a4', 1, NULL, NULL, NULL, '2015-05-05 16:07:10', NULL, '03', '所有门店', 23);
INSERT INTO t_b_function(id, name, code, application, level, parent_fun, is_leaf, operation_type, status, description, createtime, creator, scope_code, scope_name, `index`) VALUES ('fad3c60f-da63-4a1f-a43f-af2134421648', '登陆收银机', '030201', '1', 3, '906f69cb-c090-4d47-8431-1aca46ed192b', 1, NULL, NULL, NULL, '2015-05-05 16:09:43', NULL, '03', '所有门店', 24);
INSERT INTO t_b_function(id, name, code, application, level, parent_fun, is_leaf, operation_type, status, description, createtime, creator, scope_code, scope_name, `index`) VALUES ('fd55f121-22fb-453e-b169-a4bf27eccc76', '我的账户', '0310', '1', 2, '575dcbd4-28ce-4f53-b01a-e7e96be38ed8-1', 1, NULL, NULL, NULL, '2015-05-14 15:45:40', NULL, '03', '所有门店', 57);
INSERT INTO t_b_function(id, name, code, application, level, parent_fun, is_leaf, operation_type, status, description, createtime, creator, scope_code, scope_name, `index`) VALUES ('fd55f121-22fb-453e-b169-a4bf27eccc77', '系统设置', '0311', '1', 2, '575dcbd4-28ce-4f53-b01a-e7e96be38ed8', 1, NULL, NULL, NULL, '2015-06-01 23:49:55', NULL, '03', '所有门店', 58);
INSERT INTO t_b_function(id, name, code, application, level, parent_fun, is_leaf, operation_type, status, description, createtime, creator, scope_code, scope_name, `index`) VALUES ('fd55f121-22fb-453e-b169-a4bf27eccc78', '系统设置', '031101', '1', NULL, 'fd55f121-22fb-453e-b169-a4bf27eccc77', 1, NULL, NULL, NULL, '2015-06-02 16:10:08', NULL, '03', '所有门店', NULL);



INSERT INTO t_b_function_url(id, `function`, url) VALUES ('014e4515-e6a1-4d84-a468-0f4d37749abb', '3bcb378d-9412-49f5-90da-b0b16634a790', 'f1a0955d-1183-4050-bf3a-2a94172d83f4');
INSERT INTO t_b_function_url(id, `function`, url) VALUES ('014e4515-e6a1-4d84-a468-0f4d37749aea', 'c536d675-773b-43fb-be43-8f8757cabcf5', 'c7afd580-d12d-467a-9658-2ae8a776aef3');
INSERT INTO t_b_function_url(id, `function`, url) VALUES ('01802040-b011-4473-92c5-e61c8782839b', 'afcb345a-ab00-4e69-93d1-3760e78209dc', 'c4a319fc-b477-4738-90c9-dab970ce1e38');
INSERT INTO t_b_function_url(id, `function`, url) VALUES ('01af1ea6-7bd6-4661-88b2-20bb002f8dca', 'e7e80f7e-572f-47c6-8b55-e5a7f9e41eb3', '7b633a2e-a334-497a-9a89-c94100ca2569');
INSERT INTO t_b_function_url(id, `function`, url) VALUES ('039e9c89-8cdf-4bc5-9715-8c30ea2110a3', '4fd6f370-3b20-4a57-b964-4f63a5da90d7', 'dd971c91-dfe2-42ca-9304-27fb25a54fcc');
INSERT INTO t_b_function_url(id, `function`, url) VALUES ('04c56bc0-5d8d-4407-81f3-1aeb88392970', '3a909228-6964-48c7-86f3-aadfa723ca9e', '9d566f29-5bba-458d-a819-b8cfb5b015c1');
INSERT INTO t_b_function_url(id, `function`, url) VALUES ('090b7a14-77d6-471e-8219-00c5a71cec14', 'afcb345a-ab00-4e69-93d1-3760e78209dc', 'aa829a31-5f53-4fdd-b807-a321f1bf6efa');
INSERT INTO t_b_function_url(id, `function`, url) VALUES ('0bf7b9c2-d772-4536-8760-a679ce51507f', '73eb054c-a379-44ae-af17-2ee9556dd933', 'e0b25acf-1e7e-4a7f-b0a6-8f8ac98c9db8');
INSERT INTO t_b_function_url(id, `function`, url) VALUES ('0e2aa281-322f-4ce3-810e-1cf40e9ee91e', 'e7e80f7e-572f-47c6-8b55-e5a7f9e41eb3', 'd098be52-b4cd-4300-83ff-0f63ac99d2b6');
INSERT INTO t_b_function_url(id, `function`, url) VALUES ('0e4cce8e-dbae-4de0-bdec-8a22b35f8971', '4fd6f370-3b20-4a57-b964-4f63a5da90d7', '101db9b5-1de7-4d95-9d6a-8abb3f4e8aae');
INSERT INTO t_b_function_url(id, `function`, url) VALUES ('0fcaa202-b796-41c8-8cee-fe4700228a86', '505d5572-faa2-4e76-8364-aa0f6683d89c', '3110ce02-c9b4-4135-93ee-6c628fbd8cec');
INSERT INTO t_b_function_url(id, `function`, url) VALUES ('10437819-6e6e-471b-b07c-ba6329bf043f', '838976f1-205a-4a02-87cb-e18a1419e6c9', 'bf23d81c-165f-4304-9b1f-bf8b3b7237d4');
INSERT INTO t_b_function_url(id, `function`, url) VALUES ('10d6a691-ff2f-4142-ad42-b0b5ff993f79', 'afcb345a-ab00-4e69-93d1-3760e78209dc', '5c548e59-5b33-4647-ae5a-7713ec17648b');
INSERT INTO t_b_function_url(id, `function`, url) VALUES ('11713f90-4871-45c0-988f-f1c3f4e26dc6', '27a97aa0-2fee-411e-a85a-b9a20b09c2f7', '1470ee44-1547-4d76-919a-ebdaaac6badb');
INSERT INTO t_b_function_url(id, `function`, url) VALUES ('12112ddd-d0dd-4d4c-8b55-d96e04cf64c5', 'afcb345a-ab00-4e69-93d1-3760e78209dc', '659202ed-5988-4753-8e18-897a7b20268a');
INSERT INTO t_b_function_url(id, `function`, url) VALUES ('1c6c2481-444e-4dcf-a30f-084ac9b8d795', '7e6bda32-eb35-4e9c-bb8b-a5a96413478e', '1470ee44-1547-4d76-919a-ebdaaac6badb');
INSERT INTO t_b_function_url(id, `function`, url) VALUES ('1f527293-6d6d-4a97-b50a-3fbd5da8087d', 'bbeb506c-55bd-4651-afd6-ff8afb254204', 'f60703c6-161a-4035-b2cf-818f001535ab');
INSERT INTO t_b_function_url(id, `function`, url) VALUES ('1f92f338-e08c-429a-aff5-f6e3d34b874f', '3a909228-6964-48c7-86f3-aadfa723ca9e', 'f6d94d37-30aa-4664-8114-17944e543d54');
INSERT INTO t_b_function_url(id, `function`, url) VALUES ('20b69bd4-de41-413b-bac9-64d1bd83d2e9', 'afcb345a-ab00-4e69-93d1-3760e78209dc', '43b5dd21-c1d0-43f4-807b-8cec65737e62');
INSERT INTO t_b_function_url(id, `function`, url) VALUES ('224b3e2d-af4e-409e-bf02-8ec73883e1c6', '32a236f0-caa3-4571-8556-37caccc71312', 'f1398345-2c1a-4a53-95c9-9d07c25b9e4f');
INSERT INTO t_b_function_url(id, `function`, url) VALUES ('23c469a1-1fa9-4259-91ec-6266e16f0813', 'bbeb506c-55bd-4651-afd6-ff8afb254204', 'dbbfe735-0799-49b8-9a7e-140a943dc1d8');
INSERT INTO t_b_function_url(id, `function`, url) VALUES ('24112614-e44c-4b62-9282-974d84b9436c', '32a236f0-caa3-4571-8556-37caccc71312', 'f3a95307-db31-4714-b834-e422ced5d989');
INSERT INTO t_b_function_url(id, `function`, url) VALUES ('255e7a80-1970-4ec3-bd45-2f5b5497e8df', '96d5cdcd-1c71-4358-b08d-393756b5ceac', '18e7f77f-d572-41ef-a99b-2810e5f1638a');
INSERT INTO t_b_function_url(id, `function`, url) VALUES ('30e88310-c5c8-4f78-a662-43672067e94c', '6c724da1-fc3b-42fe-9130-d30f2213708c', '18e7f77f-d572-41ef-a99b-2810e5f1638a');
INSERT INTO t_b_function_url(id, `function`, url) VALUES ('332d54c8-f1c5-4946-903a-474c9a6f62bd', 'e7e80f7e-572f-47c6-8b55-e5a7f9e41eb3', '78a62f47-b295-422e-a8cf-92ce85435508');
INSERT INTO t_b_function_url(id, `function`, url) VALUES ('353c9c37-a727-40f8-ab26-afbc8dace9b3', 'bbeb506c-55bd-4651-afd6-ff8afb254204', 'ca31d3c5-9659-4cf3-9ac5-482ceea8c457');
INSERT INTO t_b_function_url(id, `function`, url) VALUES ('365233e0-ad8c-47d8-bf96-18f7ae76f760', '27a97aa0-2fee-411e-a85a-b9a20b09c2f7', 'f6ab595a-3bca-4fa7-a4ba-cd2cb0ae0e86');
INSERT INTO t_b_function_url(id, `function`, url) VALUES ('3a3663d8-2c59-4cd6-ba10-f80abfcf6321', '6c724da1-fc3b-42fe-9130-d30f2213708c', '18e7f77f-d572-41ef-a99b-2810e5f1638d');
INSERT INTO t_b_function_url(id, `function`, url) VALUES ('3d8232ad-d985-42b5-a08c-cb4493907eca', 'd31e837c-4983-4c59-962a-0bbf80ef4dbe', '4ba6f174-1be3-4514-a4e9-f2fdf5c08bc8');
INSERT INTO t_b_function_url(id, `function`, url) VALUES ('3fed7099-bdd2-4715-a113-4b2b3a580fab', '3cd500fd-3078-4fe2-a93f-4af0b218b17b', '130c23f8-a40c-4b25-be3f-19782e2feba1');
INSERT INTO t_b_function_url(id, `function`, url) VALUES ('4077123e-2e21-4efa-9fe6-1498cb8080aa', '27a97aa0-2fee-411e-a85a-b9a20b09c2f7', '8dadcc2f-79f0-4595-8d40-72b16a04f9dc');
INSERT INTO t_b_function_url(id, `function`, url) VALUES ('41081fc0-b195-4382-912a-6917dcc17ff0', '27a97aa0-2fee-411e-a85a-b9a20b09c2f7', '95e0e813-c2af-4038-abd1-f375f0066682');
INSERT INTO t_b_function_url(id, `function`, url) VALUES ('428f0b5c-cf97-4db7-b80a-399aba15e763', '82a07e1b-1725-4c8f-95c8-52e5bf42c551', '5ad4aaa3-d3a3-43eb-bb43-0acc4f56c697');
INSERT INTO t_b_function_url(id, `function`, url) VALUES ('4291b811-b1ec-4a37-9c00-4bbf67e4c849', '4fd6f370-3b20-4a57-b964-4f63a5da90d7', 'f1a0955d-1183-4050-bf3a-2a94172d83f8');
INSERT INTO t_b_function_url(id, `function`, url) VALUES ('432dd7ed-2478-4d3f-b4e5-17ac24eb487c', 'bbeb506c-55bd-4651-afd6-ff8afb254204', '990da66c-db4a-4cef-815b-550f0e996f50');
INSERT INTO t_b_function_url(id, `function`, url) VALUES ('45b170b6-6bef-42d3-9c35-1b4863f50987', '5eb5e07d-ee9e-449a-a837-e4bb25afghjk', '066adb12-a517-4c12-678a-6d14dd707a89');
INSERT INTO t_b_function_url(id, `function`, url) VALUES ('45b170b6-6bef-42d3-9c35-1b4863f56543', '5eb5e07d-ee9e-449a-a837-e4bb25a67890', '077adb2f-a517-4c12-678a-6d14dd707adw');
INSERT INTO t_b_function_url(id, `function`, url) VALUES ('45b170b6-6bef-42d3-9c35-1b4863f5daaa', '5eb5e07d-ee9e-449a-a837-e4bb25ab5eb4', '077adb2f-a557-4c82-890a-6d14dd707adw');
INSERT INTO t_b_function_url(id, `function`, url) VALUES ('45b170b6-6bef-42d3-9c35-1b4863f5dccc', '7e6bda32-eb35-4e9c-bb8b-a5a96413478e', '077adb2f-a557-4c82-890a-6d14dd707aw8');
INSERT INTO t_b_function_url(id, `function`, url) VALUES ('45b170b6-6bef-42d3-9c35-1b4863f5dttt', '27a97aa0-2fee-411e-a85a-b9a20b09c2f7', '077adb2f-a557-4c82-890a-6d14dd707aw8');
INSERT INTO t_b_function_url(id, `function`, url) VALUES ('4628be40-af2b-49fa-8bff-e3371e9d0bdd', 'afcb345a-ab00-4e69-93d1-3760e78209dc', '75ba5032-055e-4e3c-8a1c-ff9e7bba8080');
INSERT INTO t_b_function_url(id, `function`, url) VALUES ('48dc5d3b-23bd-497d-b5a7-5197b5ed8231', '3a909228-6964-48c7-86f3-aadfa723ca9e', '2019598a-bb48-4791-9d50-a32dce30e6e9');
INSERT INTO t_b_function_url(id, `function`, url) VALUES ('4a0d8afd-71b1-4d02-b0d9-88a6c6715224', 'bbeb506c-55bd-4651-afd6-ff8afb254204', '91917f4d-613e-4a4b-b1e2-30eb39a8370e');
INSERT INTO t_b_function_url(id, `function`, url) VALUES ('549d4ebc-9979-44e0-b6d2-31b731cccdc3', 'afcb345a-ab00-4e69-93d1-3760e78209dc', 'bba6278e-3b7e-41ba-b78c-74de8dc398fa');
INSERT INTO t_b_function_url(id, `function`, url) VALUES ('551159b9-68d2-4e6b-ac8c-00ed9da52c64', 'fad3c60f-da63-4a1f-a43f-af2134421648', 'c7afd580-d12d-467a-9658-2ae8a776aef3');
INSERT INTO t_b_function_url(id, `function`, url) VALUES ('579fbed0-ff03-4408-bf9d-5122a93f5a83', '96d5cdcd-1c71-4358-b08d-393756b5ceac', 'cbc05631-3260-47d2-b9f8-a2c9864efb8e');
INSERT INTO t_b_function_url(id, `function`, url) VALUES ('58607dfc-c733-4a8b-a4da-0e82c71cf943', '32a236f0-caa3-4571-8556-37caccc71312', '8d15c0d4-01ff-4352-b1c4-d3a5e8d0eb09');
INSERT INTO t_b_function_url(id, `function`, url) VALUES ('587641db-d51b-4484-815f-e41327846ec3', '505d5572-faa2-4e76-8364-aa0f6683d89c', 'd5441ec1-39da-46f3-8b33-cef303241140');
INSERT INTO t_b_function_url(id, `function`, url) VALUES ('5bc2807b-c2c3-4b6f-aa47-9223604a29ed', 'bd6dd951-b17e-4457-9237-0096b60dea90', 'f1398345-2c1a-4a53-95c9-9d07c25b9e4f');
INSERT INTO t_b_function_url(id, `function`, url) VALUES ('5c41ddca-9f59-43ac-b720-0a75c023ab7b', '96d5cdcd-1c71-4358-b08d-393756b5ceac', 'bf23d81c-165f-4304-9b1f-bf8b3b7237d4');
INSERT INTO t_b_function_url(id, `function`, url) VALUES ('5d3605c6-cb99-45db-b53d-b308fe9cb6ed', '4fd6f370-3b20-4a57-b964-4f63a5da90d7', 'f1a0955d-1183-4050-bf3a-2a94172d83f5');
INSERT INTO t_b_function_url(id, `function`, url) VALUES ('5dd5cdaf-2643-4af0-9148-809fb940d49f', '27a97aa0-2fee-411e-a85a-b9a20b09c2f7', '5c6d8314-5ac1-4ed0-80dc-dbe0fe3472ef');
INSERT INTO t_b_function_url(id, `function`, url) VALUES ('5f5dacbb-9778-4b06-907e-14d7c9f1c2e1', 'bbeb506c-55bd-4651-afd6-ff8afb254204', '2f6cbede-f622-41b1-ae1f-3259348e34ab');
INSERT INTO t_b_function_url(id, `function`, url) VALUES ('5f80deb3-1e6e-4719-ab6b-fe3ce5c8d79d', 'afcb345a-ab00-4e69-93d1-3760e78209dc', 'bc6e2e47-b6d4-4147-af04-06198904c8dd');
INSERT INTO t_b_function_url(id, `function`, url) VALUES ('6232cac7-41b3-4654-aac4-75ca469cd420', '7e6bda32-eb35-4e9c-bb8b-a5a96413478e', 'f6ab595a-3bca-4fa7-a4ba-cd2cb0ae0e86');
INSERT INTO t_b_function_url(id, `function`, url) VALUES ('670c1879-1bd5-49ca-9e0e-bb05fd3afea8', '7e6bda32-eb35-4e9c-bb8b-a5a96413478e', '5c6d8314-5ac1-4ed0-80dc-dbe0fe3472ef');
INSERT INTO t_b_function_url(id, `function`, url) VALUES ('67c41819-b65c-4ff5-a870-6d85b832f1da', '7e6bda32-eb35-4e9c-bb8b-a5a96413478e', '95e0e813-c2af-4038-abd1-f375f0066682');
INSERT INTO t_b_function_url(id, `function`, url) VALUES ('6aeebe76-b9a7-4a3c-a49c-71ca93d60f01', '0956ec77-9649-4ed3-adb2-e11748dca34a', 'f7c7963e-7b44-4605-a26f-f4c8fb697c5e');
INSERT INTO t_b_function_url(id, `function`, url) VALUES ('6b2e23be-434c-45a2-8757-4671b3c2929d', '27a97aa0-2fee-411e-a85a-b9a20b09c2f7', 'bea6beb2-3c72-4b4e-a36f-846fd951ffc6');
INSERT INTO t_b_function_url(id, `function`, url) VALUES ('6c380d82-cff2-4d06-8f18-39f887d86e98', '3a909228-6964-48c7-86f3-aadfa723ca9e', '829702a0-d5f4-481f-b821-dbdcba26cc61');
INSERT INTO t_b_function_url(id, `function`, url) VALUES ('6c99b05f-4b6a-4248-9ad1-f55f8a96e909', '32a236f0-caa3-4571-8556-37caccc71312', 'cc6e83bc-da1b-42c5-b441-461121342ee7');
INSERT INTO t_b_function_url(id, `function`, url) VALUES ('70402eda-6ea8-47ef-9f05-df8c957504fb', 'afcb345a-ab00-4e69-93d1-3760e78209dc', 'bb207d74-db07-4d9d-80f7-0f07cb9f021d');
INSERT INTO t_b_function_url(id, `function`, url) VALUES ('71da2def-4ef2-4b8f-bd35-714ad4438a25', '7e6bda32-eb35-4e9c-bb8b-a5a96413478e', 'bea6beb2-3c72-4b4e-a36f-846fd951ffc6');
INSERT INTO t_b_function_url(id, `function`, url) VALUES ('732e859b-9995-4cb1-bcb6-adbb4887bdcf', '0956ec77-9649-4ed3-adb2-e11748dca34a', '67fe55f5-f3cb-47f7-a50f-4147d45bd559');
INSERT INTO t_b_function_url(id, `function`, url) VALUES ('74dd3601-df48-4446-9320-506200521f35', '4fd6f370-3b20-4a57-b964-4f63a5da90d7', 'c8f6788c-6160-414f-8cd5-c2df8c97ad81');
INSERT INTO t_b_function_url(id, `function`, url) VALUES ('751a1a15-17dc-4165-b5e8-e76a6654878c', 'bd6dd951-b17e-4457-9237-0096b60dea90', 'b93d4358-4894-47b0-8808-83aa8b1867e0');
INSERT INTO t_b_function_url(id, `function`, url) VALUES ('751e8f0c-f5f0-4788-a69d-83b659b58ef6', 'afcb345a-ab00-4e69-93d1-3760e78209dc', 'd03c4d1d-07e4-4394-92b1-7e1221a8dc48');
INSERT INTO t_b_function_url(id, `function`, url) VALUES ('7748a4b6-1bba-46de-b870-130203380bd1', '27a97aa0-2fee-411e-a85a-b9a20b09c2f7', '082001f7-9e32-49fc-997d-59d165c3f8dc');
INSERT INTO t_b_function_url(id, `function`, url) VALUES ('781b6ff9-1a44-415d-9376-3df8d0da6694', '3a909228-6964-48c7-86f3-aadfa723ca9e', 'ea831a58-1989-414f-812b-a23289bde460');
INSERT INTO t_b_function_url(id, `function`, url) VALUES ('78cae606-158b-4a11-8d94-c94154c4791e', '4fd6f370-3b20-4a57-b964-4f63a5da90d7', '0c6fef15-9139-4e64-ae7d-850064b2e3cb');
INSERT INTO t_b_function_url(id, `function`, url) VALUES ('7a9e23c7-5394-4825-9c22-84145a7bf104', 'e93f3fce-fbe0-4ff7-a2cb-9d444d96d9c1', 'c4dbade8-c90d-4bb5-8a1a-8248013ffd2f');
INSERT INTO t_b_function_url(id, `function`, url) VALUES ('7b82951b-673f-421b-911f-02523acbe140', '27a97aa0-2fee-411e-a85a-b9a20b09c2f7', 'ba07456e-533d-4dc4-a503-f317ce4e9efb');
INSERT INTO t_b_function_url(id, `function`, url) VALUES ('7cb55a64-f46e-4a76-b20d-585bcbb21ff8', 'bd6dd951-b17e-4457-9237-0096b60dea90', '6438bd1b-0cdf-4851-9a95-7811fcf28241');
INSERT INTO t_b_function_url(id, `function`, url) VALUES ('7dbdda5f-1611-49eb-b427-038529fa0fdf', '32a236f0-caa3-4571-8556-37caccc71312', 'b63b3723-4f76-41ea-b033-b9da1906e054');
INSERT INTO t_b_function_url(id, `function`, url) VALUES ('7e31e9ad-f078-4512-8e3a-fad1939ead84', '4fd6f370-3b20-4a57-b964-4f63a5da90d7', 'f1a0955d-1183-4050-bf3a-2a94172d83f0');
INSERT INTO t_b_function_url(id, `function`, url) VALUES ('879ef3ee-8d35-4b8a-a2ca-9e7e72ca67ad', '96d5cdcd-1c71-4358-b08d-393756b5ceac', 'b9bfa59b-fd67-4cee-a408-5edb670e654e');
INSERT INTO t_b_function_url(id, `function`, url) VALUES ('8d5d562a-0e3c-4dd2-8bb2-9ddfac6290bc', '838976f1-205a-4a02-87cb-e18a1419e6c9', 'bdab89d2-4078-48d5-8091-5bc80555cdad');
INSERT INTO t_b_function_url(id, `function`, url) VALUES ('8f2ed5e0-c4fe-445c-ab59-7d3920669d65', '4fd6f370-3b20-4a57-b964-4f63a5da90d7', 'f1a0955d-1183-4050-bf3a-2a94172d83f6');
INSERT INTO t_b_function_url(id, `function`, url) VALUES ('905894a6-5bf9-4f0d-9bf9-92431b2b00b2', '32a236f0-caa3-4571-8556-37caccc71312', 'a30cdc7a-1a2f-4a9d-b70d-2be1a6e12fd3');
INSERT INTO t_b_function_url(id, `function`, url) VALUES ('912e94fb-2ead-4229-8399-7ba7d35d455c', 'bd6dd951-b17e-4457-9237-0096b60dea90', '912383e1-3130-4780-bc0e-62ce6469d8e4');
INSERT INTO t_b_function_url(id, `function`, url) VALUES ('95cfcb22-79cc-44ad-9ea6-429c4b42a7a6', '4fd6f370-3b20-4a57-b964-4f63a5da90d7', 'f1a0955d-1183-4050-bf3a-2a94172d83f7');
INSERT INTO t_b_function_url(id, `function`, url) VALUES ('963f569e-b24d-4385-bd2d-692e6a9d40b2', 'bbeb506c-55bd-4651-afd6-ff8afb254204', '077adb2f-a557-4c82-890a-6d14dd707ad1');
INSERT INTO t_b_function_url(id, `function`, url) VALUES ('99a41b41-360a-47b6-aaec-cf5bf2f4a7b9', '6c724da1-fc3b-42fe-9130-d30f2213708c', '18e7f77f-d572-41ef-a99b-2810e5f1638b');
INSERT INTO t_b_function_url(id, `function`, url) VALUES ('9f1f92b9-576a-4a60-9968-2c4b829c984d', '3cd500fd-3078-4fe2-a93f-4af0b218b17b', 'aa829a31-5f53-4fdd-b807-a321f1bf6efa');
INSERT INTO t_b_function_url(id, `function`, url) VALUES ('a0e08c54-d172-4701-b2cc-81d56c874645', 'afcb345a-ab00-4e69-93d1-3760e78209dc', 'a06e0170-bd2b-4402-bd74-78522c96f90b');
INSERT INTO t_b_function_url(id, `function`, url) VALUES ('a13b7d62-f64d-4363-a7eb-560bdddb32c8', '27a97aa0-2fee-411e-a85a-b9a20b09c2f7', '3b4bf0e6-6b12-4547-a828-7590bac16ca1');
INSERT INTO t_b_function_url(id, `function`, url) VALUES ('a1953513-655f-48c2-a809-4e0ceb661a6c', '82a07e1b-1725-4c8f-95c8-52e5bf42c551', '58daab81-e1ae-43ae-b519-0ada818ca630');
INSERT INTO t_b_function_url(id, `function`, url) VALUES ('a5d6dd70-e11a-404e-aea7-1cbe7db06188', '4fd6f370-3b20-4a57-b964-4f63a5da90d7', '88ad45b1-7a14-48ab-8381-bdaba3b23a23');
INSERT INTO t_b_function_url(id, `function`, url) VALUES ('a652d5ac-3c7b-400e-bb22-f2a092abc2de', '72a8125d-4d47-414e-bfba-eb61ab5aa623', 'cf1e6a47-825a-4e87-848f-8c8e53f77352');
INSERT INTO t_b_function_url(id, `function`, url) VALUES ('a8b8db90-8576-44ef-a5ee-6990d65729c2', '4fd6f370-3b20-4a57-b964-4f63a5da90d7', '0bc860e4-959b-48ca-b810-9c06f60d3435');
INSERT INTO t_b_function_url(id, `function`, url) VALUES ('a94189a9-4798-472a-95de-137650bbb5a3', '96d5cdcd-1c71-4358-b08d-393756b5ceac', 'ef8f4384-91a4-4919-81b3-76b6c5f0399e');
INSERT INTO t_b_function_url(id, `function`, url) VALUES ('af820174-d56e-4651-8036-8f6ea83dd596', '32a236f0-caa3-4571-8556-37caccc71312', 'ec05f200-4e8f-457c-a3be-afe00cab1c7e');
INSERT INTO t_b_function_url(id, `function`, url) VALUES ('b079cc0c-1d16-4d99-bd4a-1a478eee3570', '7e6bda32-eb35-4e9c-bb8b-a5a96413478e', '50b6e989-ae31-4b0d-b68e-9fcd1fb74d05');
INSERT INTO t_b_function_url(id, `function`, url) VALUES ('b180230f-2098-4ec0-997f-e9a9f893cd9c', '32a236f0-caa3-4571-8556-37caccc71312', '4488269a-5786-485c-8793-cf89fb43ae24');
INSERT INTO t_b_function_url(id, `function`, url) VALUES ('b1a15349-b3e6-4691-9f83-edafafeed0f9', '32a236f0-caa3-4571-8556-37caccc71312', 'd7757176-7619-47e0-95ca-a182c5ba0eaf');
INSERT INTO t_b_function_url(id, `function`, url) VALUES ('b2a92470-72c4-4bbf-94bc-19ac3e6bfdcf', '32a236f0-caa3-4571-8556-37caccc71312', '912383e1-3130-4780-bc0e-62ce6469d8e4');
INSERT INTO t_b_function_url(id, `function`, url) VALUES ('b2b3134e-162d-44dc-b029-027caec1d62e', 'd31e837c-4983-4c59-962a-0bbf80ef4dbe', 'c863fd36-8a0f-4981-a8a5-50be983b8690');
INSERT INTO t_b_function_url(id, `function`, url) VALUES ('b59586f0-4eae-4915-a1d8-2073bd7dc1f3', '6c724da1-fc3b-42fe-9130-d30f2213708c', 'bf23d81c-165f-4304-9b1f-bf8b3b7237d4');
INSERT INTO t_b_function_url(id, `function`, url) VALUES ('b8aa6c78-eb37-43a1-910e-184a273d9645', '7e6bda32-eb35-4e9c-bb8b-a5a96413478e', 'ba07456e-533d-4dc4-a503-f317ce4e9efb');
INSERT INTO t_b_function_url(id, `function`, url) VALUES ('bc85e6bf-8c2d-4ce9-8687-303a3020b871', '32a236f0-caa3-4571-8556-37caccc71312', 'dbda1a0e-cb99-45c4-8c62-dce4ea5626e3');
INSERT INTO t_b_function_url(id, `function`, url) VALUES ('ca1009b2-f8a2-4121-b8ee-1e51b2744478', '838976f1-205a-4a02-87cb-e18a1419e6c9', '355433a8-6d18-488b-8596-9640915b6e61');
INSERT INTO t_b_function_url(id, `function`, url) VALUES ('cc6a6870-4cb2-41dd-a341-6f37af957f22', 'afcb345a-ab00-4e69-93d1-3760e78209dc', 'a0113744-872f-499e-a376-ab010c2cc944');
INSERT INTO t_b_function_url(id, `function`, url) VALUES ('cee44b9d-0b4e-4242-8498-b90f171b5b62', '96d5cdcd-1c71-4358-b08d-393756b5ceac', 'abaeb0d8-f3af-4af0-ad21-2bcfeb0b6c2d');
INSERT INTO t_b_function_url(id, `function`, url) VALUES ('d037bb5a-87af-4246-ad62-622ee7996e6e', '96d5cdcd-1c71-4358-b08d-393756b5ceac', '18e7f77f-d572-41ef-a99b-2810e5f1638c');
INSERT INTO t_b_function_url(id, `function`, url) VALUES ('d04bd805-3b70-4a49-b0b5-6053c99f1f3c', 'bbeb506c-55bd-4651-afd6-ff8afb254204', '122fe506-90df-42c9-bdcb-b564d7600429');
INSERT INTO t_b_function_url(id, `function`, url) VALUES ('d09a9113-6163-44e5-be48-aaab3731fc2f', 'd8b100a1-e036-4248-92ac-6468047eb2e8', 'd524d2f6-17ed-4535-ab83-519bd8114cd6');
INSERT INTO t_b_function_url(id, `function`, url) VALUES ('d0b30c45-ba5a-4df3-8df2-88bdc4fd6a6e', '838976f1-205a-4a02-87cb-e18a1419e6c9', '18e7f77f-d572-41ef-a99b-2810e5f1638d');
INSERT INTO t_b_function_url(id, `function`, url) VALUES ('d0f96849-333a-404a-af7a-5470ff60c90a', '7e6bda32-eb35-4e9c-bb8b-a5a96413478e', '082001f7-9e32-49fc-997d-59d165c3f8dc');
INSERT INTO t_b_function_url(id, `function`, url) VALUES ('d1289c0e-e957-4094-b480-ec4df094bb4c', '7e6bda32-eb35-4e9c-bb8b-a5a96413478e', '8dadcc2f-79f0-4595-8d40-72b16a04f9dc');
INSERT INTO t_b_function_url(id, `function`, url) VALUES ('d184ff06-95db-4830-bbd1-e0a9d557a2e9', '32a236f0-caa3-4571-8556-37caccc71312', 'b93d4358-4894-47b0-8808-83aa8b1867e0');
INSERT INTO t_b_function_url(id, `function`, url) VALUES ('d6f9309b-5952-4e75-a54a-a8aac0855d3f', '32a236f0-caa3-4571-8556-37caccc71312', '6438bd1b-0cdf-4851-9a95-7811fcf28241');
INSERT INTO t_b_function_url(id, `function`, url) VALUES ('d6f9309b-5952-4e75-a54a-a8aac0855d3g', '32a236f0-caa3-4571-8556-37caccc71313', '6438bd1b-0cdf-4851-9a95-7811fcf28242');
INSERT INTO t_b_function_url(id, `function`, url) VALUES ('d787ca3d-38a4-4ce7-978a-75348a9a2277', '4fd6f370-3b20-4a57-b964-4f63a5da90d7', 'b07c837b-2c90-4228-855b-4927c3319fdd');
INSERT INTO t_b_function_url(id, `function`, url) VALUES ('d91068da-5861-4ffa-a32e-1ae52aae2041', '7e6bda32-eb35-4e9c-bb8b-a5a96413478e', '3b4bf0e6-6b12-4547-a828-7590bac16ca1');
INSERT INTO t_b_function_url(id, `function`, url) VALUES ('dca622e1-805c-45e6-ad1b-75513a710dd1', '4fd6f370-3b20-4a57-b964-4f63a5da90d7', 'f1a0955d-1183-4050-bf3a-2a94172d83f9');
INSERT INTO t_b_function_url(id, `function`, url) VALUES ('ddfbaf1d-59c7-4350-aa98-a71f69382161', 'afcb345a-ab00-4e69-93d1-3760e78209dc', 'a00631ed-12a7-42b4-8ae8-d28cd730c78f');
INSERT INTO t_b_function_url(id, `function`, url) VALUES ('e05efacf-6516-47b3-b9e7-633e3fc05e3e', '3a909228-6964-48c7-86f3-aadfa723ca9e', 'c4dbade8-c90d-4bb5-8a1a-8248013ffd2f');
INSERT INTO t_b_function_url(id, `function`, url) VALUES ('e1770fbf-d467-4f1c-a4be-0cd21eac5a40', '838976f1-205a-4a02-87cb-e18a1419e6c9', 'cbc05631-3260-47d2-b9f8-a2c9864efb8e');
INSERT INTO t_b_function_url(id, `function`, url) VALUES ('e49e0e23-9303-4d9e-a2a8-eda4764a86cb', 'e7e80f7e-572f-47c6-8b55-e5a7f9e41eb3', '9c28bc61-18b9-407e-94e8-5ad2d44188d4');
INSERT INTO t_b_function_url(id, `function`, url) VALUES ('e74a5e2b-39ae-4547-828f-d375a6e32d36', '96d5cdcd-1c71-4358-b08d-393756b5ceac', '355433a8-6d18-488b-8596-9640915b6e61');
INSERT INTO t_b_function_url(id, `function`, url) VALUES ('e772ee8e-4789-43db-81b0-97254b3e1405', 'f7726da7-0c81-40bb-adc8-b94220e32048', '5e51d828-d884-4676-a609-95e3ddfd37e7');
INSERT INTO t_b_function_url(id, `function`, url) VALUES ('e8279815-c297-415b-8a43-07db492323ac', '96d5cdcd-1c71-4358-b08d-393756b5ceac', '18e7f77f-d572-41ef-a99b-2810e5f1638b');
INSERT INTO t_b_function_url(id, `function`, url) VALUES ('e8a5c95a-d2d1-4118-8b39-90c824f430f7', '4fd6f370-3b20-4a57-b964-4f63a5da90d7', '6fcd9182-2c82-45ae-baec-b1a76297f130');
INSERT INTO t_b_function_url(id, `function`, url) VALUES ('eb3e054e-0d6c-4a83-9952-56190a6438a0', 'e93f3fce-fbe0-4ff7-a2cb-9d444d96d9c1', '9d566f29-5bba-458d-a819-b8cfb5b015c1');
INSERT INTO t_b_function_url(id, `function`, url) VALUES ('f2d7cd81-811c-451e-a2f6-072cd607f68d', 'afcb345a-ab00-4e69-93d1-3760e78209dc', '1dc8878c-483c-4792-be3c-6672bfd11148');
INSERT INTO t_b_function_url(id, `function`, url) VALUES ('f3f29320-aa8a-4ad6-af3c-17cdea52a7b7', 'bbeb506c-55bd-4651-afd6-ff8afb254204', 'adbcf49f-d94a-4d35-a066-2cc7fa71b193');
INSERT INTO t_b_function_url(id, `function`, url) VALUES ('f7566b77-1e69-4f3c-8a3a-b3c6c12e393e', '3a909228-6964-48c7-86f3-aadfa723ca9e', 'a9f3b70d-7b25-4d71-b9aa-fa6931875ce6');
INSERT INTO t_b_function_url(id, `function`, url) VALUES ('f7974590-1ffc-422d-9227-c0fbd6ca9220', '96d5cdcd-1c71-4358-b08d-393756b5ceac', '18e7f77f-d572-41ef-a99b-2810e5f1638d');
INSERT INTO t_b_function_url(id, `function`, url) VALUES ('f7ddfc4c-c0a5-452e-90b7-24edd4f8c4f6', 'afcb345a-ab00-4e69-93d1-3760e78209dc', 'eb2865ca-3081-4085-8ff0-689779a672c3');
INSERT INTO t_b_function_url(id, `function`, url) VALUES ('fd7a8304-976e-4792-af65-0c9f7efebade', 'fd55f121-22fb-453e-b169-a4bf27eccc77', '80142eb0-9edd-4e43-9156-b322b1e7dc28');
INSERT INTO t_b_function_url(id, `function`, url) VALUES ('fd7a8304-976e-4792-af65-0c9f7efebadf', '27a97aa0-2fee-411e-a85a-b9a20b09c2f7', '50b6e989-ae31-4b0d-b68e-9fcd1fb74d05');
INSERT INTO t_b_function_url(id, `function`, url) VALUES ('fd7a8304-976e-4792-af65-0c9f7efebadg', 'fd55f121-22fb-453e-b169-a4bf27eccc78', '80142eb0-9edd-4e43-9156-b322b1e7dc28');
INSERT INTO t_b_function_url(id, `function`, url) VALUES ('fed55520-e327-4284-9328-7f110498ea0a', '4fd6f370-3b20-4a57-b964-4f63a5da90d7', 'f1a0955d-1183-4050-bf3a-2a94172d83f4');
INSERT INTO t_b_function_url(id, `function`, url) VALUES ('fed55520-e327-4284-9328-7f110498ea0b', 'ae731df2-8fac-40ce-8d3c-1810f09f0d23', '077adb2f-a517-4c12-678a-6d14dd707adw');
INSERT INTO t_b_function_url(id, `function`, url) VALUES ('fed55520-e327-4284-9328-7f110498ea0c', 'ae731df2-8fac-40ce-8d3c-1810f09f0d23', '066adb12-a517-4c12-678a-6d14dd707a89');
INSERT INTO t_b_function_url(id, `function`, url) VALUES ('fed55520-e327-4284-9328-7f110498ea0d', '0968d3a8-8d3a-4106-ae5a-3ad84f2ada14', '066adb12-a517-4c12-678a-6d14dd707a90');
INSERT INTO t_b_function_url(id, `function`, url) VALUES ('fed55520-e327-4284-9328-7f110498ea1a', '4fd6f370-3b20-4a57-b964-4f63a5da90d7', 'f92d606d-ff25-48d2-ad1c-1e02d10ffaa3');
INSERT INTO t_b_function_url(id, `function`, url) VALUES ('fed55520-e327-4284-9328-7f110498ea1b', '72a8125d-4d47-414e-bfba-eb61ab5aa623', 'f92d606d-ff25-48d2-ad1c-1e02d10ffaa3');
INSERT INTO t_b_function_url(id, `function`, url) VALUES ('fed55520-e327-4284-9328-7f110498ea1c', 'fad3c60f-da63-4a1f-a43f-af2134421648', 'f92d606d-ff25-48d2-ad1c-1e02d10ffaa3');
INSERT INTO t_b_function_url(id, `function`, url) VALUES ('fed55520-e327-4284-9328-7f110498ea1d', '73eb054c-a379-44ae-af17-2ee9556dd933', 'f92d606d-ff25-48d2-ad1c-1e02d10ffaa3');
INSERT INTO t_b_function_url(id, `function`, url) VALUES ('fed55520-e327-4284-9328-7f110498ea1e', 'c536d675-773b-43fb-be43-8f8757cabcf5', 'f92d606d-ff25-48d2-ad1c-1e02d10ffaa3');
INSERT INTO t_b_function_url(id, `function`, url) VALUES ('fed55520-e327-4284-9328-7f110498ea2b', '72a8125d-4d47-414e-bfba-eb61ab5aa623', 'f92d606d-ff25-48d2-ad1c-1e02d10ffaa3');


INSERT INTO t_b_scope_dict(code, name) VALUES ('-1', '不可见角色');
INSERT INTO t_b_scope_dict(code, name) VALUES ('01', '全体');
INSERT INTO t_b_scope_dict(code, name) VALUES ('02', '总店');
INSERT INTO t_b_scope_dict(code, name) VALUES ('03', '所有门店');
INSERT INTO t_b_scope_dict(code, name) VALUES ('04', '指定门店');



INSERT INTO t_b_url(id, name, url, type, description, createtime, creator) VALUES ('014c585e-6377-4f4a-900b-d1a0f6f7d10f', '帐户管理_主页面', '/t_headuser/account', NULL, NULL, '2015-05-14 11:31:54', NULL);
INSERT INTO t_b_url(id, name, url, type, description, createtime, creator) VALUES ('066adb12-a517-4c12-678a-6d14dd707a89', '登录_门店登录权限', '/login/shopLogin', NULL, NULL, '2015-06-03 17:45:37', NULL);
INSERT INTO t_b_url(id, name, url, type, description, createtime, creator) VALUES ('066adb12-a517-4c12-678a-6d14dd707a90', '菜品管理-分店', '/menu/branchDindex', NULL, NULL, '2015-06-04 14:29:48', NULL);
INSERT INTO t_b_url(id, name, url, type, description, createtime, creator) VALUES ('0734bb10-ca43-4719-8fd6-31b8bfcf8f8c', '菜品管理_判断是否分类名是否重复', 'dishtype/judgeName.json', NULL, NULL, '2015-05-17 16:25:14', NULL);
INSERT INTO t_b_url(id, name, url, type, description, createtime, creator) VALUES ('077adb2f-a517-4c12-678a-6d14dd707adw', '登录_云端登录权限', '/login/cloudLogin', NULL, NULL, '2015-06-03 17:45:37', NULL);
INSERT INTO t_b_url(id, name, url, type, description, createtime, creator) VALUES ('077adb2f-a557-4c82-890a-6d14dd707ad1', '通用_通过手机发送账户', '/t_user/sendAccountByMobile', NULL, NULL, '2015-05-14 11:45:37', NULL);
INSERT INTO t_b_url(id, name, url, type, description, createtime, creator) VALUES ('077adb2f-a557-4c82-890a-6d14dd707adw', '通用_角色功能编码列表', '/t_role/roleFunctionCodeList4HeadOffice.json', NULL, NULL, '2015-05-14 11:45:37', NULL);
INSERT INTO t_b_url(id, name, url, type, description, createtime, creator) VALUES ('077adb2f-a557-4c82-890a-6d14dd707aw8', '我的账户_修改员工职务权限密码', '/t_employeeUser/updatePaymentPassword', NULL, NULL, '2015-05-14 11:45:37', NULL);
INSERT INTO t_b_url(id, name, url, type, description, createtime, creator) VALUES ('082001f7-9e32-49fc-997d-59d165c3f8dc', '我的帐号_更新密码', 't_user/updatePassword', NULL, NULL, '2015-05-14 11:39:59', NULL);
INSERT INTO t_b_url(id, name, url, type, description, createtime, creator) VALUES ('0bc860e4-959b-48ca-b810-9c06f60d3435', '优惠管理_查看优惠_其他优惠_内部优免数据_删除', 'preferential/deleteInnerFree', NULL, NULL, '2015-05-06 16:12:33', NULL);
INSERT INTO t_b_url(id, name, url, type, description, createtime, creator) VALUES ('0c339852-fae9-4295-ba9f-53880933c022', '优惠管理_编辑优惠_团购券_保存券', 'preferential/saveGrouponTicket.json', NULL, NULL, '2015-05-06 16:01:42', NULL);
INSERT INTO t_b_url(id, name, url, type, description, createtime, creator) VALUES ('0c6fef15-9139-4e64-ae7d-850064b2e3cb', '优惠管理_查看优惠_其他优惠_内部优免数据_获取数据', 'preferential/findInnerFree', NULL, NULL, '2015-05-06 16:06:35', NULL);
INSERT INTO t_b_url(id, name, url, type, description, createtime, creator) VALUES ('101db9b5-1de7-4d95-9d6a-8abb3f4e8aae', '优惠管理_获取门店列表', 'shopMg/getall.json', NULL, NULL, '2015-05-06 15:48:14', NULL);
INSERT INTO t_b_url(id, name, url, type, description, createtime, creator) VALUES ('10d6e012-b9de-4661-9b73-0a9028720885', ' 我的帐号_验证密码', 't_user/validatePassword', NULL, NULL, '2015-05-14 11:40:37', NULL);
INSERT INTO t_b_url(id, name, url, type, description, createtime, creator) VALUES ('11616ddc-6b04-4d35-bb9f-fc39f4620120', '菜品管理_根据分类id删除分类', 'dishtype/delete', NULL, NULL, '2015-05-18 14:25:06', NULL);
INSERT INTO t_b_url(id, name, url, type, description, createtime, creator) VALUES ('122fe506-90df-42c9-bdcb-b564d7600429', '租户管理_列表数据', '/tenant/page.json', NULL, NULL, '2015-05-14 11:26:54', NULL);
INSERT INTO t_b_url(id, name, url, type, description, createtime, creator) VALUES ('130c23f8-a40c-4b25-be3f-19782e2feba1', '菜品管理_修改菜谱中菜品的估清', 'menu/updateDishStatus.json', NULL, NULL, '2015-05-17 17:09:57', NULL);
INSERT INTO t_b_url(id, name, url, type, description, createtime, creator) VALUES ('1470ee44-1547-4d76-919a-ebdaaac6badb', '我的帐号_设置邮箱', 't_user/setEmail', NULL, NULL, '2015-05-14 11:40:18', NULL);
INSERT INTO t_b_url(id, name, url, type, description, createtime, creator) VALUES ('18e7f77f-d572-41ef-a99b-2810e5f1638a', '门店员工_列表', 't_employeeUser/list', NULL, NULL, '2015-05-06 13:34:44', NULL);
INSERT INTO t_b_url(id, name, url, type, description, createtime, creator) VALUES ('18e7f77f-d572-41ef-a99b-2810e5f1638b', '门店员工_查看员工', 't_employeeUser/get', NULL, NULL, '2015-05-06 13:34:54', NULL);
INSERT INTO t_b_url(id, name, url, type, description, createtime, creator) VALUES ('18e7f77f-d572-41ef-a99b-2810e5f1638c', '门店员工_编辑员工', 't_employeeUser/get', NULL, NULL, '2015-05-06 13:34:59', NULL);
INSERT INTO t_b_url(id, name, url, type, description, createtime, creator) VALUES ('18e7f77f-d572-41ef-a99b-2810e5f1638d', '门店员工_编辑角色_获取角色列表数据', 't_role/roleList4Store.json', NULL, NULL, '2015-05-06 13:35:03', NULL);
INSERT INTO t_b_url(id, name, url, type, description, createtime, creator) VALUES ('1b3aa2c4-5102-48be-9e0b-5578f04df0a7', '门店管理_新增门店/更新门店', 'shopMg/addShop', NULL, NULL, '2015-05-18 15:37:13', NULL);
INSERT INTO t_b_url(id, name, url, type, description, createtime, creator) VALUES ('1dc8878c-483c-4792-be3c-6672bfd11148', '菜品管理_菜谱_根据id获取门店信息', 'shopMg/get', NULL, NULL, '2015-05-18 15:55:18', NULL);
INSERT INTO t_b_url(id, name, url, type, description, createtime, creator) VALUES ('2019598a-bb48-4791-9d50-a32dce30e6e9', '打印管理_打印机名称不能重复验证', 'printerManager/validatePrinter.json', NULL, NULL, '2015-05-18 15:27:26', NULL);
INSERT INTO t_b_url(id, name, url, type, description, createtime, creator) VALUES ('27dbe9d8-7351-4ac9-a6b2-36d5cd2db90e', '通用_用户角色页面', '/t_role/roleList4HeadOffice', NULL, NULL, '2015-05-14 11:46:03', NULL);
INSERT INTO t_b_url(id, name, url, type, description, createtime, creator) VALUES ('289970ae-aa1c-4eea-850a-5632f980ea1b', '帐户管理_保存帐号', '/t_headuser/saveUser', NULL, NULL, '2015-05-14 11:32:32', NULL);
INSERT INTO t_b_url(id, name, url, type, description, createtime, creator) VALUES ('2f3e00e6-15ce-4b01-990a-0c88a1515f32', '通用_删除角色', '/t_role/delete', NULL, NULL, '2015-05-14 11:47:07', NULL);
INSERT INTO t_b_url(id, name, url, type, description, createtime, creator) VALUES ('2f6cbede-f622-41b1-ae1f-3259348e34ab', '通用_通过邮箱发送账户', '/t_user/sendAccountByMail', NULL, NULL, '2015-05-14 11:45:22', NULL);
INSERT INTO t_b_url(id, name, url, type, description, createtime, creator) VALUES ('3110ce02-c9b4-4135-93ee-6c628fbd8cec', '报表查看_结算方式表明细页面', 'daliyReports/paywayrept', NULL, NULL, '2015-05-19 13:52:27', NULL);
INSERT INTO t_b_url(id, name, url, type, description, createtime, creator) VALUES ('355433a8-6d18-488b-8596-9640915b6e61', '门店员工_编辑角色_保存角色', 't_role/roleList4Store/save', NULL, NULL, '2015-05-06 23:03:12', NULL);
INSERT INTO t_b_url(id, name, url, type, description, createtime, creator) VALUES ('36638956-1944-486b-9476-e67df37001fe', '门店管理_同一个县区中名称不能重复', 'shopMg/isRepeatShopName', NULL, '"* 查询同一县是否已经存在预加的店名。 * @param branchMap  店名，城市或区县。 * @return 1：存在；0：不存在。"', '2015-05-18 15:35:21', NULL);
INSERT INTO t_b_url(id, name, url, type, description, createtime, creator) VALUES ('37102ddb-a751-4352-97c8-37e7e388bf73', '通用_门店列表', '/shopMg/getall.json', NULL, NULL, '2015-05-14 13:21:21', NULL);
INSERT INTO t_b_url(id, name, url, type, description, createtime, creator) VALUES ('3844cf83-e4f4-477a-8b08-50ebbe775eae', '优惠管理_编辑优惠_手工优免_列表', 'preferential/listHandFree.json', NULL, NULL, '2015-05-06 16:05:06', NULL);
INSERT INTO t_b_url(id, name, url, type, description, createtime, creator) VALUES ('39f90bf4-a523-401f-93e4-ffcf8007b22a', '菜品管理_验证菜品名称是否重复', 'dish/validateDish.json', NULL, NULL, '2015-05-17 16:59:44', NULL);
INSERT INTO t_b_url(id, name, url, type, description, createtime, creator) VALUES ('3aa9b67d-e916-4b5c-a5fb-60c3a14d651b', '菜品管理_菜谱_根据menuid复制菜谱', 'menu/copyMenu', NULL, NULL, '2015-05-18 16:04:49', NULL);
INSERT INTO t_b_url(id, name, url, type, description, createtime, creator) VALUES ('3b4bf0e6-6b12-4547-a828-7590bac16ca1', '我的帐号_获取门店员工详细', '/t_employeeUser/getUserById', NULL, NULL, '2015-05-14 11:39:33', NULL);
INSERT INTO t_b_url(id, name, url, type, description, createtime, creator) VALUES ('3f2012dd-071f-4fd3-9f7e-3c6e8cadb389', '菜品管理_菜谱_保存菜谱', 'menu/savemenu', NULL, NULL, '2015-05-18 16:03:54', NULL);
INSERT INTO t_b_url(id, name, url, type, description, createtime, creator) VALUES ('43b5dd21-c1d0-43f4-807b-8cec65737e62', '菜品管理_菜谱_查看套餐', 'combodish/findById', NULL, NULL, '2015-05-18 15:57:43', NULL);
INSERT INTO t_b_url(id, name, url, type, description, createtime, creator) VALUES ('4488269a-5786-485c-8793-cf89fb43ae24', '餐台管理_拖动调整餐台分区顺序', 'tableArea/updateListOrder.json', NULL, NULL, '2015-05-18 14:32:41', NULL);
INSERT INTO t_b_url(id, name, url, type, description, createtime, creator) VALUES ('4b3dc0f5-e465-42b8-b98b-92bba79c5fd7', '帐户管理_查看详细', '/t_headuser/getUserById', NULL, NULL, '2015-05-14 11:34:34', NULL);
INSERT INTO t_b_url(id, name, url, type, description, createtime, creator) VALUES ('4ba6f174-1be3-4514-a4e9-f2fdf5c08bc8', '报表查看_优惠分析总图表页面', 'daliyReports/preferentialReport', NULL, NULL, '2015-05-19 13:51:26', NULL);
INSERT INTO t_b_url(id, name, url, type, description, createtime, creator) VALUES ('4cc42c95-e858-47ea-9d27-b58ef80541d8', '菜品管理_删除菜品', 'dish/delete.json', NULL, NULL, '2015-05-17 16:54:13', NULL);
INSERT INTO t_b_url(id, name, url, type, description, createtime, creator) VALUES ('50b6e989-ae31-4b0d-b68e-9fcd1fb74d05', '我的帐号_设置手机', 't_user/setMobile', NULL, NULL, '2015-05-14 11:41:18', NULL);
INSERT INTO t_b_url(id, name, url, type, description, createtime, creator) VALUES ('5373a98c-15d8-4cf6-8d63-0731a55092d3', '帐户管理_分页列表', '/t_headuser/queryUserPage', NULL, NULL, '2015-05-14 11:32:13', NULL);
INSERT INTO t_b_url(id, name, url, type, description, createtime, creator) VALUES ('574f359d-1f47-4e74-a79a-412b4aaa2142', '优惠管理_删除优惠', 'preferential/delete.json', NULL, NULL, '2015-05-06 16:08:04', NULL);
INSERT INTO t_b_url(id, name, url, type, description, createtime, creator) VALUES ('58daab81-e1ae-43ae-b519-0ada818ca630', '报表查看_品项明细页面', 'daliyReports/dishsalerept', NULL, NULL, '2015-05-19 13:45:18', NULL);
INSERT INTO t_b_url(id, name, url, type, description, createtime, creator) VALUES ('5ad4aaa3-d3a3-43eb-bb43-0acc4f56c697', '报表查看_品项总图表页面', 'daliyReports/itemReport', NULL, NULL, '2015-05-19 13:48:55', NULL);
INSERT INTO t_b_url(id, name, url, type, description, createtime, creator) VALUES ('5c548e59-5b33-4647-ae5a-7713ec17648b', '菜品管理_获取初始化的数据，菜品分类和计量单位的历史记录', 'dish/getInitData.json', NULL, NULL, '2015-05-17 16:27:16', NULL);
INSERT INTO t_b_url(id, name, url, type, description, createtime, creator) VALUES ('5c6d8314-5ac1-4ed0-80dc-dbe0fe3472ef', '我的帐号_主页面', '/t_user/myAccount', NULL, NULL, '2015-05-14 11:35:59', NULL);
INSERT INTO t_b_url(id, name, url, type, description, createtime, creator) VALUES ('5e51d828-d884-4676-a609-95e3ddfd37e7', 'pad操作_退菜', 'padinterface/discarddish.json', NULL, NULL, '2015-05-18 16:52:07', NULL);
INSERT INTO t_b_url(id, name, url, type, description, createtime, creator) VALUES ('5e5b5942-de90-446f-b438-275e41c098bc', '优惠管理_编辑优惠_手工优免_删除', 'preferential/delHandFree.json', NULL, NULL, '2015-05-06 16:13:19', NULL);
INSERT INTO t_b_url(id, name, url, type, description, createtime, creator) VALUES ('5e81a929-66ce-4795-b830-96581e5e7b97', '菜品管理_保存菜品', 'dish/save', NULL, NULL, '2015-05-17 16:58:42', NULL);
INSERT INTO t_b_url(id, name, url, type, description, createtime, creator) VALUES ('6438bd1b-0cdf-4851-9a95-7811fcf28241', '餐台管理_根据params中的条件获取餐台和分区信息', 'printerManager/findPrinterArea.json', NULL, 'status=1', '2015-05-18 15:15:37', NULL);
INSERT INTO t_b_url(id, name, url, type, description, createtime, creator) VALUES ('6438bd1b-0cdf-4851-9a95-7811fcf28242', '餐台管理-餐台分区管理', 'table/index', NULL, NULL, '2015-06-03 15:29:53', NULL);
INSERT INTO t_b_url(id, name, url, type, description, createtime, creator) VALUES ('659202ed-5988-4753-8e18-897a7b20268a', '菜品管理_菜谱_查看鱼锅', 'combodish/findfishpotDetailById', NULL, NULL, '2015-05-18 15:59:20', NULL);
INSERT INTO t_b_url(id, name, url, type, description, createtime, creator) VALUES ('67fe55f5-f3cb-47f7-a50f-4147d45bd559', 'pad操作_  PAD 开台  桌号 ，人数 ', 'padinterface/setorder.json', NULL, NULL, '2015-05-18 16:55:18', NULL);
INSERT INTO t_b_url(id, name, url, type, description, createtime, creator) VALUES ('6fcd9182-2c82-45ae-baec-b1a76297f130', '优惠管理_查看优惠_其他优惠_内部优免数据', 'preferential/pageInnerFree.json', NULL, NULL, '2015-05-06 15:42:20', NULL);
INSERT INTO t_b_url(id, name, url, type, description, createtime, creator) VALUES ('75ba5032-055e-4e3c-8a1c-ff9e7bba8080', '菜品管理_查看鱼锅', 'combodish/findfishpotDetailById', NULL, NULL, '2015-05-18 14:15:09', NULL);
INSERT INTO t_b_url(id, name, url, type, description, createtime, creator) VALUES ('766dbd33-3ffa-4efa-b188-37f0a268476d', '优惠管理_编辑优惠_折扣券_添加券', 'preferential/addDiscountTicket.json', NULL, NULL, '2015-05-06 15:56:28', NULL);
INSERT INTO t_b_url(id, name, url, type, description, createtime, creator) VALUES ('76d34b6e-ac2d-4950-8b85-8a0cc9606943', '帐户管理_删除', '/t_headuser/deleteUserById', NULL, NULL, '2015-05-14 11:35:33', NULL);
INSERT INTO t_b_url(id, name, url, type, description, createtime, creator) VALUES ('78a62f47-b295-422e-a8cf-92ce85435508', '报表查看_营业总图表页面', 'daliyReports/bussinessReport', NULL, NULL, '2015-05-19 13:50:12', NULL);
INSERT INTO t_b_url(id, name, url, type, description, createtime, creator) VALUES ('7ae0da85-86b1-4166-be2e-eb3524023c68', '通用_新建角色', '/t_role/roleList4HeadOffice/edit', NULL, NULL, '2015-05-14 11:46:23', NULL);
INSERT INTO t_b_url(id, name, url, type, description, createtime, creator) VALUES ('7b633a2e-a334-497a-9a89-c94100ca2569', '报表查看_营业分析表页面', 'daliyReports/reportAnalysis', NULL, NULL, '2015-05-19 13:46:55', NULL);
INSERT INTO t_b_url(id, name, url, type, description, createtime, creator) VALUES ('80142eb0-9edd-4e43-9156-b322b1e7dc28', '系统管理', '/system/systemSet', NULL, NULL, '2015-06-02 16:49:44', NULL);
INSERT INTO t_b_url(id, name, url, type, description, createtime, creator) VALUES ('80adcafe-332b-4570-bfa3-c1fc45ba629f', '菜品管理_保存鱼锅的接口', 'combodish/savefishpot', NULL, NULL, '2015-05-18 14:18:58', NULL);
INSERT INTO t_b_url(id, name, url, type, description, createtime, creator) VALUES ('829702a0-d5f4-481f-b821-dbdcba26cc61', '打印管理_根据printerid删除打印机', 'printerManager/delete', NULL, NULL, '2015-05-18 15:26:56', NULL);
INSERT INTO t_b_url(id, name, url, type, description, createtime, creator) VALUES ('83fb06f7-164e-462f-8197-ea83e94cba72', '通用_保存角色', '/t_role/roleList4HeadOffice/save', NULL, NULL, '2015-05-14 11:46:39', NULL);
INSERT INTO t_b_url(id, name, url, type, description, createtime, creator) VALUES ('88ad45b1-7a14-48ab-8381-bdaba3b23a23', '优惠管理_分页请求', 'preferential/page.json', NULL, NULL, '2015-05-06 15:35:52', NULL);
INSERT INTO t_b_url(id, name, url, type, description, createtime, creator) VALUES ('8d15c0d4-01ff-4352-b1c4-d3a5e8d0eb09', '餐台管理_根据areaid删除所有餐台', 'tableArea/delete', NULL, NULL, '2015-05-18 15:12:42', NULL);
INSERT INTO t_b_url(id, name, url, type, description, createtime, creator) VALUES ('8dadcc2f-79f0-4595-8d40-72b16a04f9dc', '我的帐号_设置邮箱验证码', 't_user/setEmailValicode', NULL, NULL, '2015-05-14 11:40:07', NULL);
INSERT INTO t_b_url(id, name, url, type, description, createtime, creator) VALUES ('912383e1-3130-4780-bc0e-62ce6469d8e4', '餐台管理_通过餐台分类的id，获取分类下的所有餐台', 'table/getTablesByTableType', NULL, NULL, '2015-05-18 14:40:04', NULL);
INSERT INTO t_b_url(id, name, url, type, description, createtime, creator) VALUES ('91917f4d-613e-4a4b-b1e2-30eb39a8370e', '租户管理_主页面', '/tenant/list', NULL, NULL, '2015-05-14 11:26:22', NULL);
INSERT INTO t_b_url(id, name, url, type, description, createtime, creator) VALUES ('9312cdc9-ae50-43e3-af37-1122e49e0123', '菜品管理_菜品分类显示中位置拖动调整', 'dishtype/updateListOrder.json', NULL, NULL, '2015-05-17 16:45:32', NULL);
INSERT INTO t_b_url(id, name, url, type, description, createtime, creator) VALUES ('93b34e58-9b25-4936-8098-e67aacf15bc3', '优惠管理_编辑优惠_手工优免_更新', 'preferential/updateHandFree.json', NULL, NULL, '2015-05-06 16:04:27', NULL);
INSERT INTO t_b_url(id, name, url, type, description, createtime, creator) VALUES ('95e0e813-c2af-4038-abd1-f375f0066682', '我的帐号_获取租户用户详细', '/tenant/getUserById', NULL, NULL, '2015-05-14 11:39:22', NULL);
INSERT INTO t_b_url(id, name, url, type, description, createtime, creator) VALUES ('96ae2332-435f-4c51-8414-935fe4167373', '菜品管理_菜品计量单位保存', 'dishunit/save.json', NULL, NULL, '2015-05-17 16:55:00', NULL);
INSERT INTO t_b_url(id, name, url, type, description, createtime, creator) VALUES ('98a60636-b4f5-4b06-8593-a20970fede49', '门店管理_根据id获取门店信息', 'shopMg/get', NULL, NULL, '2015-05-18 15:36:21', NULL);
INSERT INTO t_b_url(id, name, url, type, description, createtime, creator) VALUES ('990da66c-db4a-4cef-815b-550f0e996f50', '租户管理_删除租户', '/tenant/delete.json', NULL, NULL, '2015-05-14 11:30:53', NULL);
INSERT INTO t_b_url(id, name, url, type, description, createtime, creator) VALUES ('9c28bc61-18b9-407e-94e8-5ad2d44188d4', '报表查看_营业报表页面', 'daliyReports/daysalerept', NULL, NULL, '2015-05-19 13:34:28', NULL);
INSERT INTO t_b_url(id, name, url, type, description, createtime, creator) VALUES ('9d566f29-5bba-458d-a819-b8cfb5b015c1', '打印管理_获取所有打印机', 'printerManager/find.json', NULL, NULL, '2015-05-18 15:20:01', NULL);
INSERT INTO t_b_url(id, name, url, type, description, createtime, creator) VALUES ('a00631ed-12a7-42b4-8ae8-d28cd730c78f', '菜品管理_菜谱_根据menuid获取菜谱', 'menu/getMenuById', NULL, NULL, '2015-05-18 16:02:38', NULL);
INSERT INTO t_b_url(id, name, url, type, description, createtime, creator) VALUES ('a0113744-872f-499e-a376-ab010c2cc944', '菜品管理_获取菜品信息（不包括估清状态）', 'dish/findById', NULL, NULL, '2015-05-17 16:47:35', NULL);
INSERT INTO t_b_url(id, name, url, type, description, createtime, creator) VALUES ('a06e0170-bd2b-4402-bd74-78522c96f90b', '菜品管理_根据dishid获取菜品分类信息', 'dish/getdishCol', NULL, NULL, '2015-05-18 17:23:29', NULL);
INSERT INTO t_b_url(id, name, url, type, description, createtime, creator) VALUES ('a27a42e7-8619-462b-8ef0-a6725b2bf144', '优惠管理_编辑优惠_代金券_添加券', 'preferential/addVoucher.json', NULL, NULL, '2015-05-06 15:58:47', NULL);
INSERT INTO t_b_url(id, name, url, type, description, createtime, creator) VALUES ('a30cdc7a-1a2f-4a9d-b70d-2be1a6e12fd3', '餐台管理_保存餐台', 'table/save', NULL, NULL, '2015-05-18 14:38:38', NULL);
INSERT INTO t_b_url(id, name, url, type, description, createtime, creator) VALUES ('a8b6f485-a849-427d-9443-0f0b5563d6ad', '菜品管理_菜品智能添加', 'printerManager/addOnePrinterDish.json', NULL, '" * 菜品智能添加（当该分类中菜品被全选后，   * 在菜品管理该分区中增加菜品，菜品管理中该菜品会被勾选"', '2015-05-17 17:06:33', NULL);
INSERT INTO t_b_url(id, name, url, type, description, createtime, creator) VALUES ('a9f3b70d-7b25-4d71-b9aa-fa6931875ce6', '打印管理_更新打印机选中的菜品', 'printerManager/addPrinterDishes.json', NULL, NULL, '2015-05-18 15:25:24', NULL);
INSERT INTO t_b_url(id, name, url, type, description, createtime, creator) VALUES ('aa829a31-5f53-4fdd-b807-a321f1bf6efa', '菜品管理_获取菜品信息（包括估清状态）', 'dish/findDishAndMenuidById', NULL, NULL, '2015-05-17 17:09:14', NULL);
INSERT INTO t_b_url(id, name, url, type, description, createtime, creator) VALUES ('abaeb0d8-f3af-4af0-ad21-2bcfeb0b6c2d', '门店员工_编辑员工_删除', 't_employeeUser/delete', NULL, NULL, '2015-05-06 23:08:12', NULL);
INSERT INTO t_b_url(id, name, url, type, description, createtime, creator) VALUES ('adbcf49f-d94a-4d35-a066-2cc7fa71b193', '租户管理_修改租户', '/tenant/save.json', NULL, NULL, '2015-05-14 11:28:59', NULL);
INSERT INTO t_b_url(id, name, url, type, description, createtime, creator) VALUES ('af73c90c-2e13-4930-8109-10c69e4a9005', '门店管理_删除门店信息', 'shopMg/del', NULL, NULL, '2015-05-18 15:37:44', NULL);
INSERT INTO t_b_url(id, name, url, type, description, createtime, creator) VALUES ('b07c837b-2c90-4228-855b-4927c3319fdd', '优惠管理_查看优惠_其他优惠_手工优免数据', 'preferential/pageInnerFree.json', NULL, NULL, '2015-05-06 15:40:36', NULL);
INSERT INTO t_b_url(id, name, url, type, description, createtime, creator) VALUES ('b63b3723-4f76-41ea-b033-b9da1906e054', '餐台管理_保存餐台分区', 'tableArea/save', NULL, NULL, '2015-05-18 15:08:11', NULL);
INSERT INTO t_b_url(id, name, url, type, description, createtime, creator) VALUES ('b8e3b7bb-a80a-4f21-bd73-aca8a47f61fc', '优惠管理_编辑优惠_手工优免_添加', 'preferential/addHandFree.json', NULL, NULL, '2015-05-06 16:04:06', NULL);
INSERT INTO t_b_url(id, name, url, type, description, createtime, creator) VALUES ('b93d4358-4894-47b0-8808-83aa8b1867e0', '餐台管理_根据id获取餐台', 'table/findById', NULL, NULL, '2015-05-18 14:39:24', NULL);
INSERT INTO t_b_url(id, name, url, type, description, createtime, creator) VALUES ('b9bfa59b-fd67-4cee-a408-5edb670e654e', '门店员工_编辑员工_保存', 't_employeeUser/save', NULL, NULL, '2015-05-06 23:06:58', NULL);
INSERT INTO t_b_url(id, name, url, type, description, createtime, creator) VALUES ('ba07456e-533d-4dc4-a503-f317ce4e9efb', '我的帐号_获取总店员工详细', '/t_headuser/getUserById', NULL, NULL, '2015-05-14 11:39:10', NULL);
INSERT INTO t_b_url(id, name, url, type, description, createtime, creator) VALUES ('bb207d74-db07-4d9d-80f7-0f07cb9f021d', '菜品管理_根据params中的条件获取菜品和分类信息', 'printerManager/findPrinterDish.json', NULL, NULL, '2015-05-17 17:08:27', NULL);
INSERT INTO t_b_url(id, name, url, type, description, createtime, creator) VALUES ('bba6278e-3b7e-41ba-b78c-74de8dc398fa', '菜品管理_通过菜品分类的id，获取分类下的所有菜品', 'dish/getDishesByDishType', NULL, NULL, '2015-05-17 16:46:20', NULL);
INSERT INTO t_b_url(id, name, url, type, description, createtime, creator) VALUES ('bc6e2e47-b6d4-4147-af04-06198904c8dd', '菜品管理_菜谱_根据分类id获取分类对象', 'dishtype/findById', NULL, NULL, '2015-05-18 15:56:39', NULL);
INSERT INTO t_b_url(id, name, url, type, description, createtime, creator) VALUES ('bdab89d2-4078-48d5-8091-5bc80555cdad', '门店员工_编辑角色_显示列表', 't_role/roleList4Store', NULL, NULL, '2015-05-06 23:12:26', NULL);
INSERT INTO t_b_url(id, name, url, type, description, createtime, creator) VALUES ('bea6beb2-3c72-4b4e-a36f-846fd951ffc6', '我的帐号_计算安全分数', 't_user/computeSafeScore', NULL, NULL, '2015-05-14 11:39:46', NULL);
INSERT INTO t_b_url(id, name, url, type, description, createtime, creator) VALUES ('bf23d81c-165f-4304-9b1f-bf8b3b7237d4', '门店员工_编辑角色_角色详情', 't_role/roleList4Store/detail', NULL, NULL, '2015-05-06 23:04:44', NULL);
INSERT INTO t_b_url(id, name, url, type, description, createtime, creator) VALUES ('c45ef119-259d-4342-8fea-04aa41d789e9', '菜品管理_菜谱_菜品管理中的功能  将已有菜品添加到该分类中', 'dish/getTypeAndDishMap.json', NULL, '"  * 获取分类和分类下面的菜品，所有的，组成json数据,不包括多计量单位，和上面一个接口区分开来   * 菜品管理中的功能  将已有菜品添加到该分类中"', '2015-05-18 16:01:33', NULL);
INSERT INTO t_b_url(id, name, url, type, description, createtime, creator) VALUES ('c4a319fc-b477-4738-90c9-dab970ce1e38', '菜品管理_查看套餐', 'combodish/findById', NULL, NULL, '2015-05-18 14:17:53', NULL);
INSERT INTO t_b_url(id, name, url, type, description, createtime, creator) VALUES ('c4dbade8-c90d-4bb5-8a1a-8248013ffd2f', '打印管理_根据printerid获取该打印机的所有信息', 'printerManager/findById', NULL, NULL, '2015-05-18 15:22:48', NULL);
INSERT INTO t_b_url(id, name, url, type, description, createtime, creator) VALUES ('c7afd580-d12d-467a-9658-2ae8a776aef3', '门店收银_收银', 'padinterface/settleorder.json', NULL, NULL, '2015-05-18 16:58:29', NULL);
INSERT INTO t_b_url(id, name, url, type, description, createtime, creator) VALUES ('c863fd36-8a0f-4981-a8a5-50be983b8690', '报表查看_优惠分析明细页面', 'daliyReports/couponsrept', NULL, NULL, '2015-05-19 13:44:07', NULL);
INSERT INTO t_b_url(id, name, url, type, description, createtime, creator) VALUES ('c8f6788c-6160-414f-8cd5-c2df8c97ad81', '优惠管理_查看优惠_获取菜品', 'preferential/getTypeAndDishList.json', NULL, NULL, '2015-05-06 15:49:04', NULL);
INSERT INTO t_b_url(id, name, url, type, description, createtime, creator) VALUES ('ca31d3c5-9659-4cf3-9ac5-482ceea8c457', '租户管理_添加租户', '/tenant/add.json', NULL, NULL, '2015-05-14 11:28:44', NULL);
INSERT INTO t_b_url(id, name, url, type, description, createtime, creator) VALUES ('cbc05631-3260-47d2-b9f8-a2c9864efb8e', '门店员工_编辑角色_新建角色', 't_role/roleList4Store/edit', NULL, NULL, '2015-05-06 23:01:24', NULL);
INSERT INTO t_b_url(id, name, url, type, description, createtime, creator) VALUES ('cc6e83bc-da1b-42c5-b441-461121342ee7', '餐台管理_餐台分区名称重复验证', 'tableArea/validateArea.json', NULL, NULL, '2015-05-18 15:10:02', NULL);
INSERT INTO t_b_url(id, name, url, type, description, createtime, creator) VALUES ('cca0bf63-4e58-4a5f-830e-b705d6fa2e11', '帐户管理_更新账户状态', '/t_user/updateStatus', NULL, NULL, '2015-05-14 11:34:12', NULL);
INSERT INTO t_b_url(id, name, url, type, description, createtime, creator) VALUES ('cf1e6a47-825a-4e87-848f-8c8e53f77352', '后台管理_登陆', 'login/login', NULL, NULL, '2015-05-19 10:36:31', NULL);
INSERT INTO t_b_url(id, name, url, type, description, createtime, creator) VALUES ('d03c4d1d-07e4-4394-92b1-7e1221a8dc48', '菜品管理_获取所有区域名和区域id', 'table/getTableTag.json', NULL, NULL, '2015-05-18 14:37:44', NULL);
INSERT INTO t_b_url(id, name, url, type, description, createtime, creator) VALUES ('d098be52-b4cd-4300-83ff-0f63ac99d2b6', '报表查看_营业图表页面', 'daliyReports/daliyChart', NULL, NULL, '2015-05-19 13:39:37', NULL);
INSERT INTO t_b_url(id, name, url, type, description, createtime, creator) VALUES ('d524d2f6-17ed-4535-ab83-519bd8114cd6', '门店收银_反结算', 'padinterface/rebacksettleorder.json', NULL, NULL, '2015-05-18 17:06:01', NULL);
INSERT INTO t_b_url(id, name, url, type, description, createtime, creator) VALUES ('d5441ec1-39da-46f3-8b33-cef303241140', '报表查看_结算方式图明细页面', 'daliyReports/paywayChart', NULL, NULL, '2015-05-19 13:54:34', NULL);
INSERT INTO t_b_url(id, name, url, type, description, createtime, creator) VALUES ('d7757176-7619-47e0-95ca-a182c5ba0eaf', '餐台管理_餐台智能添加', 'printerManager/addOnePrinterTable.json', NULL, '"  * 餐台智能添加（当该分区中餐台被全选后，   * 在餐台管理该分区中增加餐台，打印管理中该餐台会被勾选）"', '2015-05-18 15:13:41', NULL);
INSERT INTO t_b_url(id, name, url, type, description, createtime, creator) VALUES ('d97fcbb3-2052-45cf-a1e1-bdd17a0c8bdb', '通用_总店角色列表', '/t_role/roleList4HeadOffice.json', NULL, NULL, '2015-05-14 13:20:29', NULL);
INSERT INTO t_b_url(id, name, url, type, description, createtime, creator) VALUES ('dbbfe735-0799-49b8-9a7e-140a943dc1d8', ' 通用_发送账户验证码', '/t_user/sendAccountByMailValicode', NULL, NULL, '2015-05-14 11:41:38', NULL);
INSERT INTO t_b_url(id, name, url, type, description, createtime, creator) VALUES ('dbda1a0e-cb99-45c4-8c62-dce4ea5626e3', '餐台管理_删除餐台分区', 'table/deleteTablesByAreaid', NULL, NULL, '2015-05-18 15:11:20', NULL);
INSERT INTO t_b_url(id, name, url, type, description, createtime, creator) VALUES ('dd971c91-dfe2-42ca-9304-27fb25a54fcc', '优惠管理_查看优惠_其他优惠_内部优免数据_保存', '/preferential/saveInnerFree.json', NULL, NULL, '2015-05-06 16:05:53', NULL);
INSERT INTO t_b_url(id, name, url, type, description, createtime, creator) VALUES ('ded4e294-7afd-471a-a3f0-14e4df3db908', '优惠管理_编辑优惠_特价券_保存', 'preferential/specialStamp/save', NULL, NULL, '2015-05-06 15:51:44', NULL);
INSERT INTO t_b_url(id, name, url, type, description, createtime, creator) VALUES ('e0b25acf-1e7e-4a7f-b0a6-8f8ac98c9db8', '门店收银_清机', 'padinterface/cleantable.json', NULL, NULL, '2015-05-18 17:04:58', NULL);
INSERT INTO t_b_url(id, name, url, type, description, createtime, creator) VALUES ('e1608b78-53c2-4476-842e-9dc5e4431a34', '菜品管理_保存套餐的接口', 'combodish/savedishset', NULL, NULL, '2015-05-18 14:15:53', NULL);
INSERT INTO t_b_url(id, name, url, type, description, createtime, creator) VALUES ('ea831a58-1989-414f-812b-a23289bde460', '打印管理_保存打印信息', 'printerManager/save.json', NULL, NULL, '2015-05-18 15:23:24', NULL);
INSERT INTO t_b_url(id, name, url, type, description, createtime, creator) VALUES ('eb2865ca-3081-4085-8ff0-689779a672c3', '菜品管理_通过菜品分类的id，获取分类下的所有菜品', 'dish/getDishesByDishType', NULL, NULL, '2015-05-18 14:23:16', NULL);
INSERT INTO t_b_url(id, name, url, type, description, createtime, creator) VALUES ('ec05f200-4e8f-457c-a3be-afe00cab1c7e', '餐台管理_删除餐台', 'table/delete', NULL, NULL, '2015-05-18 14:36:52', NULL);
INSERT INTO t_b_url(id, name, url, type, description, createtime, creator) VALUES ('ef184af2-7805-48d2-935c-d5575980bab5', '优惠管理_编辑优惠_折扣券_保存券', 'preferential/saveDiscountTicket.json', NULL, NULL, '2015-05-06 15:57:05', NULL);
INSERT INTO t_b_url(id, name, url, type, description, createtime, creator) VALUES ('ef8f4384-91a4-4919-81b3-76b6c5f0399e', '门店员工_账号状态改变', 't_employeeUser/changeUserStatus', NULL, NULL, '2015-05-06 17:54:48', NULL);
INSERT INTO t_b_url(id, name, url, type, description, createtime, creator) VALUES ('f1398345-2c1a-4a53-95c9-9d07c25b9e4f', '餐台管理_根据区域id获取其名称和id', 'tableArea/findById', NULL, NULL, '2015-05-18 14:50:56', NULL);
INSERT INTO t_b_url(id, name, url, type, description, createtime, creator) VALUES ('f1a0955d-1183-4050-bf3a-2a94172d83f0', '优惠管理_查看优惠_其他优惠', 'preferential/toOtherCoupon', NULL, NULL, '2015-05-06 13:22:22', NULL);
INSERT INTO t_b_url(id, name, url, type, description, createtime, creator) VALUES ('f1a0955d-1183-4050-bf3a-2a94172d83f4', '优惠活动', 'preferential', NULL, NULL, '2015-05-06 13:21:44', NULL);
INSERT INTO t_b_url(id, name, url, type, description, createtime, creator) VALUES ('f1a0955d-1183-4050-bf3a-2a94172d83f5', '优惠管理_查看优惠_特价券', 'preferential/toSpecialStamp', NULL, NULL, '2015-05-06 13:21:50', NULL);
INSERT INTO t_b_url(id, name, url, type, description, createtime, creator) VALUES ('f1a0955d-1183-4050-bf3a-2a94172d83f6', '优惠管理_查看优惠_折扣券', 'preferential/toDiscountCoupon', NULL, NULL, '2015-05-06 13:21:55', NULL);
INSERT INTO t_b_url(id, name, url, type, description, createtime, creator) VALUES ('f1a0955d-1183-4050-bf3a-2a94172d83f7', '优惠管理_查看优惠_代金券', 'preferential/toVoucher', NULL, NULL, '2015-05-06 13:22:00', NULL);
INSERT INTO t_b_url(id, name, url, type, description, createtime, creator) VALUES ('f1a0955d-1183-4050-bf3a-2a94172d83f8', '优惠管理_查看优惠_礼品券', '', NULL, NULL, '2015-05-06 13:22:07', NULL);
INSERT INTO t_b_url(id, name, url, type, description, createtime, creator) VALUES ('f1a0955d-1183-4050-bf3a-2a94172d83f9', '优惠管理_查看优惠_团购券', 'preferential/toGroupBuying', NULL, NULL, '2015-05-06 13:22:15', NULL);
INSERT INTO t_b_url(id, name, url, type, description, createtime, creator) VALUES ('f3a95307-db31-4714-b834-e422ced5d989', '餐台管理_验证餐台名称是否重复', 'table/validateTable.json', NULL, NULL, '2015-05-18 15:08:58', NULL);
INSERT INTO t_b_url(id, name, url, type, description, createtime, creator) VALUES ('f60703c6-161a-4035-b2cf-818f001535ab', '租户管理_查看租户信息', '/tenant/get.json', NULL, NULL, '2015-05-14 11:28:27', NULL);
INSERT INTO t_b_url(id, name, url, type, description, createtime, creator) VALUES ('f679368f-34b9-4cee-9743-e28b5a0e1312', '菜品管理_根据分类id删除分类', 'dishtype/delete', NULL, NULL, '2015-05-17 16:49:38', NULL);
INSERT INTO t_b_url(id, name, url, type, description, createtime, creator) VALUES ('f6ab595a-3bca-4fa7-a4ba-cd2cb0ae0e86', '我的帐号_设置手机验证码', 't_user/setMobileValicode', NULL, NULL, '2015-05-14 11:41:01', NULL);
INSERT INTO t_b_url(id, name, url, type, description, createtime, creator) VALUES ('f6d94d37-30aa-4664-8114-17944e543d54', '打印管理_更新打印机选中的餐台', 'printerManager/addPrinterTables.json', NULL, NULL, '2015-05-18 15:24:03', NULL);
INSERT INTO t_b_url(id, name, url, type, description, createtime, creator) VALUES ('f7c7963e-7b44-4605-a26f-f4c8fb697c5e', 'pad操作_PAD 开台   更新 桌号 人数 ', 'padinterface/updateorder.json', NULL, NULL, '2015-05-18 16:54:30', NULL);
INSERT INTO t_b_url(id, name, url, type, description, createtime, creator) VALUES ('f92d606d-ff25-48d2-ad1c-1e02d10ffa01', NULL, NULL, NULL, NULL, '2015-05-29 15:29:15', NULL);
INSERT INTO t_b_url(id, name, url, type, description, createtime, creator) VALUES ('f92d606d-ff25-48d2-ad1c-1e02d10ffaa2', '优惠管理_编辑优惠_代金券_保存券', '/preferential/saveVoucher.json', NULL, NULL, '2015-05-06 15:59:29', NULL);
INSERT INTO t_b_url(id, name, url, type, description, createtime, creator) VALUES ('f92d606d-ff25-48d2-ad1c-1e02d10ffaa3', '登陆分店', '/login/shopLogin', NULL, NULL, '2015-06-09 16:30:55', NULL);


INSERT INTO t_dictionary(dictid, itemid, itemDesc, itemSort, status, type, typename, begin_time, end_time, charges_status, member_price, price, date_type, item_value) VALUES ('0828b45c-6c25-412d-9748-3087b07c2272', '1', NULL, NULL, 1, 'ACCURACY', '零头精确度', NULL, NULL, NULL, NULL, NULL, NULL, NULL);
INSERT INTO t_dictionary(dictid, itemid, itemDesc, itemSort, status, type, typename, begin_time, end_time, charges_status, member_price, price, date_type, item_value) VALUES ('1', '0', '123', 1, 1, 'PASSWORD', '通用密码', NULL, NULL, NULL, NULL, NULL, NULL, NULL);
INSERT INTO t_dictionary(dictid, itemid, itemDesc, itemSort, status, type, typename, begin_time, end_time, charges_status, member_price, price, date_type, item_value) VALUES ('10', '2', '已被模板选择', 3, 1, 'DISHSTATUS', '菜品状态', NULL, NULL, NULL, NULL, NULL, NULL, NULL);
INSERT INTO t_dictionary(dictid, itemid, itemDesc, itemSort, status, type, typename, begin_time, end_time, charges_status, member_price, price, date_type, item_value) VALUES ('100', '1', '应收金额', 1, 1, 'Statistics', '应收金额', '2015-06-08 00:00:00', '2015-06-08 00:00:00', '', '', '', '', NULL);
INSERT INTO t_dictionary(dictid, itemid, itemDesc, itemSort, status, type, typename, begin_time, end_time, charges_status, member_price, price, date_type, item_value) VALUES ('1000000', '0', '0', 1, 1, '0', '其他', NULL, NULL, NULL, NULL, NULL, NULL, NULL);
INSERT INTO t_dictionary(dictid, itemid, itemDesc, itemSort, status, type, typename, begin_time, end_time, charges_status, member_price, price, date_type, item_value) VALUES ('101', '2', '实收金额', 2, 2, 'Statistics', '实收金额', '2015-06-08 00:00:00', '2015-06-08 00:00:00', '', '', '', '', NULL);
INSERT INTO t_dictionary(dictid, itemid, itemDesc, itemSort, status, type, typename, begin_time, end_time, charges_status, member_price, price, date_type, item_value) VALUES ('102', '3', '结算人数', 3, 3, 'Statistics', '结算人数', '2015-06-08 00:00:00', '2015-06-08 00:00:00', '', '', '', '', NULL);
INSERT INTO t_dictionary(dictid, itemid, itemDesc, itemSort, status, type, typename, begin_time, end_time, charges_status, member_price, price, date_type, item_value) VALUES ('103', '4', '开台数', 4, 4, 'Statistics', '开台数', '2015-06-08 00:00:00', '2015-06-08 00:00:00', '', '', '', '', NULL);
INSERT INTO t_dictionary(dictid, itemid, itemDesc, itemSort, status, type, typename, begin_time, end_time, charges_status, member_price, price, date_type, item_value) VALUES ('104', '1', '服务态度', 2, 1, 'COMPLAINT', '投诉', NULL, NULL, NULL, NULL, NULL, NULL, NULL);
INSERT INTO t_dictionary(dictid, itemid, itemDesc, itemSort, status, type, typename, begin_time, end_time, charges_status, member_price, price, date_type, item_value) VALUES ('105', '2', '用餐环境', 3, 1, 'COMPLAINT', '投诉', NULL, NULL, NULL, NULL, NULL, NULL, NULL);
INSERT INTO t_dictionary(dictid, itemid, itemDesc, itemSort, status, type, typename, begin_time, end_time, charges_status, member_price, price, date_type, item_value) VALUES ('106', '3', '响应时间', 4, 1, 'COMPLAINT', '投诉', NULL, NULL, NULL, NULL, NULL, NULL, NULL);
INSERT INTO t_dictionary(dictid, itemid, itemDesc, itemSort, status, type, typename, begin_time, end_time, charges_status, member_price, price, date_type, item_value) VALUES ('107', '1', '投诉响应时间', 1, 1, 'RESPONSETIME', '服务响应时间', NULL, NULL, NULL, NULL, NULL, NULL, '180');
INSERT INTO t_dictionary(dictid, itemid, itemDesc, itemSort, status, type, typename, begin_time, end_time, charges_status, member_price, price, date_type, item_value) VALUES ('108', '2', '买单响应时间', 2, 1, 'RESPONSETIME', '服务响应时间', NULL, NULL, NULL, NULL, NULL, NULL, '180');
INSERT INTO t_dictionary(dictid, itemid, itemDesc, itemSort, status, type, typename, begin_time, end_time, charges_status, member_price, price, date_type, item_value) VALUES ('109', '3', '呼叫服务员响应时间', 3, 1, 'RESPONSETIME', '服务响应时间', NULL, NULL, NULL, NULL, NULL, NULL, '180');
INSERT INTO t_dictionary(dictid, itemid, itemDesc, itemSort, status, type, typename, begin_time, end_time, charges_status, member_price, price, date_type, item_value) VALUES ('11', '3', '充足', 4, 1, 'DISHSTATUS', '菜品状态', NULL, NULL, NULL, NULL, NULL, NULL, NULL);
INSERT INTO t_dictionary(dictid, itemid, itemDesc, itemSort, status, type, typename, begin_time, end_time, charges_status, member_price, price, date_type, item_value) VALUES ('12', '4', '缺少', 5, 1, 'DISHSTATUS', '菜品状态', NULL, NULL, NULL, NULL, NULL, NULL, NULL);
INSERT INTO t_dictionary(dictid, itemid, itemDesc, itemSort, status, type, typename, begin_time, end_time, charges_status, member_price, price, date_type, item_value) VALUES ('13', '0', '已下单', 1, 1, 'ORDERSTATUS', '订单状态', NULL, NULL, NULL, NULL, NULL, NULL, NULL);
INSERT INTO t_dictionary(dictid, itemid, itemDesc, itemSort, status, type, typename, begin_time, end_time, charges_status, member_price, price, date_type, item_value) VALUES ('14', '1', '单桌结清', 2, 1, 'ORDERSTATUS', '订单状态', NULL, NULL, NULL, NULL, NULL, NULL, NULL);
INSERT INTO t_dictionary(dictid, itemid, itemDesc, itemSort, status, type, typename, begin_time, end_time, charges_status, member_price, price, date_type, item_value) VALUES ('15', '2', '相关联桌号已经结清', 3, 1, 'ORDERSTATUS', '订单状态', NULL, NULL, NULL, NULL, NULL, NULL, NULL);
INSERT INTO t_dictionary(dictid, itemid, itemDesc, itemSort, status, type, typename, begin_time, end_time, charges_status, member_price, price, date_type, item_value) VALUES ('16', '3', '内部结算', 4, 1, 'ORDERSTATUS', '订单状态', NULL, NULL, NULL, NULL, NULL, NULL, NULL);
INSERT INTO t_dictionary(dictid, itemid, itemDesc, itemSort, status, type, typename, begin_time, end_time, charges_status, member_price, price, date_type, item_value) VALUES ('17', '4', '正在下单', 5, 1, 'ORDERSTATUS', '订单状态', NULL, NULL, NULL, NULL, NULL, NULL, NULL);
INSERT INTO t_dictionary(dictid, itemid, itemDesc, itemSort, status, type, typename, begin_time, end_time, charges_status, member_price, price, date_type, item_value) VALUES ('18', '0', '已经结算', 1, 1, 'SETTLESTATUS', '结算状态', NULL, NULL, NULL, NULL, NULL, NULL, NULL);
INSERT INTO t_dictionary(dictid, itemid, itemDesc, itemSort, status, type, typename, begin_time, end_time, charges_status, member_price, price, date_type, item_value) VALUES ('19', '1', '反结算', 2, 1, 'SETTLESTATUS', '结算状态', NULL, NULL, NULL, NULL, NULL, NULL, NULL);
INSERT INTO t_dictionary(dictid, itemid, itemDesc, itemSort, status, type, typename, begin_time, end_time, charges_status, member_price, price, date_type, item_value) VALUES ('1d84f8b0-1c93-4093-b6cc-3ea7f99801d9', '4', '整单打折', 5, 1, 'COUPONWAY', '优惠方式', NULL, NULL, NULL, NULL, NULL, NULL, NULL);
INSERT INTO t_dictionary(dictid, itemid, itemDesc, itemSort, status, type, typename, begin_time, end_time, charges_status, member_price, price, date_type, item_value) VALUES ('1e01c66f-94de-4afb-9213-a8e0a8d606cf', '', '推荐', NULL, 1, 'DISHLABEL', '菜品标签', NULL, NULL, NULL, NULL, NULL, NULL, NULL);
INSERT INTO t_dictionary(dictid, itemid, itemDesc, itemSort, status, type, typename, begin_time, end_time, charges_status, member_price, price, date_type, item_value) VALUES ('2', '1', '就餐', 2, 1, 'TABLESTATUS', '餐桌状态', NULL, NULL, NULL, NULL, NULL, NULL, NULL);
INSERT INTO t_dictionary(dictid, itemid, itemDesc, itemSort, status, type, typename, begin_time, end_time, charges_status, member_price, price, date_type, item_value) VALUES ('20', '0', '有效', 1, 1, 'DISCOUNTSTATUS', '菜品打折状态', NULL, NULL, NULL, NULL, NULL, NULL, NULL);
INSERT INTO t_dictionary(dictid, itemid, itemDesc, itemSort, status, type, typename, begin_time, end_time, charges_status, member_price, price, date_type, item_value) VALUES ('21', '1', '失效', 2, 1, 'DISCOUNTSTATUS', '菜品打折状态', NULL, NULL, NULL, NULL, NULL, NULL, NULL);
INSERT INTO t_dictionary(dictid, itemid, itemDesc, itemSort, status, type, typename, begin_time, end_time, charges_status, member_price, price, date_type, item_value) VALUES ('22', '0', '成功', 1, 1, 'PRINTSTATUS', '打印状态', NULL, NULL, NULL, NULL, NULL, NULL, NULL);
INSERT INTO t_dictionary(dictid, itemid, itemDesc, itemSort, status, type, typename, begin_time, end_time, charges_status, member_price, price, date_type, item_value) VALUES ('23', '1', '失败', 2, 1, 'PRINTSTATUS', '打印状态', NULL, NULL, NULL, NULL, NULL, NULL, NULL);
INSERT INTO t_dictionary(dictid, itemid, itemDesc, itemSort, status, type, typename, begin_time, end_time, charges_status, member_price, price, date_type, item_value) VALUES ('24', '0', '有效', 1, 1, 'PRINTERSTATUS', '打印机维护状态', NULL, NULL, NULL, NULL, NULL, NULL, NULL);
INSERT INTO t_dictionary(dictid, itemid, itemDesc, itemSort, status, type, typename, begin_time, end_time, charges_status, member_price, price, date_type, item_value) VALUES ('25', '1', '无效（删除状态)', 2, 1, 'PRINTERSTATUS', '打印机维护状态', NULL, NULL, NULL, NULL, NULL, NULL, NULL);
INSERT INTO t_dictionary(dictid, itemid, itemDesc, itemSort, status, type, typename, begin_time, end_time, charges_status, member_price, price, date_type, item_value) VALUES ('26', '0', '正常点餐', 1, 1, 'DISHACTIONSTATUS', '点菜状态', NULL, NULL, NULL, NULL, NULL, NULL, NULL);
INSERT INTO t_dictionary(dictid, itemid, itemDesc, itemSort, status, type, typename, begin_time, end_time, charges_status, member_price, price, date_type, item_value) VALUES ('27', '1', '加菜', 2, 1, 'DISHACTIONSTATUS', '点菜状态', NULL, NULL, NULL, NULL, NULL, NULL, NULL);
INSERT INTO t_dictionary(dictid, itemid, itemDesc, itemSort, status, type, typename, begin_time, end_time, charges_status, member_price, price, date_type, item_value) VALUES ('28', '2', '退菜', 3, 1, 'DISHACTIONSTATUS', '点菜状态', NULL, NULL, NULL, NULL, NULL, NULL, NULL);
INSERT INTO t_dictionary(dictid, itemid, itemDesc, itemSort, status, type, typename, begin_time, end_time, charges_status, member_price, price, date_type, item_value) VALUES ('29', '0', '普通员工', 1, 1, 'USERTYPE', '用户类型', NULL, NULL, NULL, NULL, NULL, NULL, NULL);
INSERT INTO t_dictionary(dictid, itemid, itemDesc, itemSort, status, type, typename, begin_time, end_time, charges_status, member_price, price, date_type, item_value) VALUES ('2fd28343-be4a-4277-a439-b32babb9177b', '2', '会员储值', 9, 1, 'PAYWAY', '支付方式', NULL, NULL, NULL, NULL, NULL, NULL, NULL);
INSERT INTO t_dictionary(dictid, itemid, itemDesc, itemSort, status, type, typename, begin_time, end_time, charges_status, member_price, price, date_type, item_value) VALUES ('3', '3', '预定', 3, 1, 'TABLESTATUS', '餐桌状态', NULL, NULL, NULL, NULL, NULL, NULL, NULL);
INSERT INTO t_dictionary(dictid, itemid, itemDesc, itemSort, status, type, typename, begin_time, end_time, charges_status, member_price, price, date_type, item_value) VALUES ('30', '1', '经理', 1, 1, 'USERTYPE', '用户类型', NULL, NULL, NULL, NULL, NULL, NULL, NULL);
INSERT INTO t_dictionary(dictid, itemid, itemDesc, itemSort, status, type, typename, begin_time, end_time, charges_status, member_price, price, date_type, item_value) VALUES ('31', '1', '开业', 1, 1, 'WORKTYPE', '操作类型', NULL, NULL, NULL, NULL, NULL, NULL, NULL);
INSERT INTO t_dictionary(dictid, itemid, itemDesc, itemSort, status, type, typename, begin_time, end_time, charges_status, member_price, price, date_type, item_value) VALUES ('32', '2', '登陆', 2, 1, 'WORKTYPE', '操作类型', NULL, NULL, NULL, NULL, NULL, NULL, NULL);
INSERT INTO t_dictionary(dictid, itemid, itemDesc, itemSort, status, type, typename, begin_time, end_time, charges_status, member_price, price, date_type, item_value) VALUES ('33', '3', '开桌', 3, 1, 'WORKTYPE', '操作类型', NULL, NULL, NULL, NULL, NULL, NULL, NULL);
INSERT INTO t_dictionary(dictid, itemid, itemDesc, itemSort, status, type, typename, begin_time, end_time, charges_status, member_price, price, date_type, item_value) VALUES ('34', '4', '下订单', 4, 1, 'WORKTYPE', '操作类型', NULL, NULL, NULL, NULL, NULL, NULL, NULL);
INSERT INTO t_dictionary(dictid, itemid, itemDesc, itemSort, status, type, typename, begin_time, end_time, charges_status, member_price, price, date_type, item_value) VALUES ('346d9d28-0da0-417e-a267-29e7fd0572c7', '1', '打折金额', 2, 1, 'COUPONWAY', '优惠方式', NULL, NULL, NULL, NULL, NULL, NULL, NULL);
INSERT INTO t_dictionary(dictid, itemid, itemDesc, itemSort, status, type, typename, begin_time, end_time, charges_status, member_price, price, date_type, item_value) VALUES ('35', '5', '加菜', 5, 1, 'WORKTYPE', '操作类型', NULL, NULL, NULL, NULL, NULL, NULL, NULL);
INSERT INTO t_dictionary(dictid, itemid, itemDesc, itemSort, status, type, typename, begin_time, end_time, charges_status, member_price, price, date_type, item_value) VALUES ('36', '6', '催菜', 6, 1, 'WORKTYPE', '操作类型', NULL, NULL, NULL, NULL, NULL, NULL, NULL);
INSERT INTO t_dictionary(dictid, itemid, itemDesc, itemSort, status, type, typename, begin_time, end_time, charges_status, member_price, price, date_type, item_value) VALUES ('37', '7', '退菜', 7, 1, 'WORKTYPE', '操作类型', NULL, NULL, NULL, NULL, NULL, NULL, NULL);
INSERT INTO t_dictionary(dictid, itemid, itemDesc, itemSort, status, type, typename, begin_time, end_time, charges_status, member_price, price, date_type, item_value) VALUES ('3776b09e-66b0-4868-bcda-a52c6634c3d5', '2', '储值赠送', 3, 1, 'COUPONWAY', '优惠方式', NULL, NULL, NULL, NULL, NULL, NULL, NULL);
INSERT INTO t_dictionary(dictid, itemid, itemDesc, itemSort, status, type, typename, begin_time, end_time, charges_status, member_price, price, date_type, item_value) VALUES ('3787e6e8-5597-4d12-a5f3-fbee61782c15', '', '推荐', 1, 1, 'DISHLABEL', '菜品标签', NULL, NULL, NULL, NULL, NULL, NULL, NULL);
INSERT INTO t_dictionary(dictid, itemid, itemDesc, itemSort, status, type, typename, begin_time, end_time, charges_status, member_price, price, date_type, item_value) VALUES ('38', '8', '换班', 8, 1, 'WORKTYPE', '操作类型', NULL, NULL, NULL, NULL, NULL, NULL, NULL);
INSERT INTO t_dictionary(dictid, itemid, itemDesc, itemSort, status, type, typename, begin_time, end_time, charges_status, member_price, price, date_type, item_value) VALUES ('38c432d9-b967-4d0d-857d-bc34e3149fc4', '435', '43', 5, 0, 'UNIT', '计量单位', NULL, NULL, NULL, NULL, NULL, NULL, NULL);
INSERT INTO t_dictionary(dictid, itemid, itemDesc, itemSort, status, type, typename, begin_time, end_time, charges_status, member_price, price, date_type, item_value) VALUES ('39', '9', '清机', 9, 1, 'WORKTYPE', '操作类型', NULL, NULL, NULL, NULL, NULL, NULL, NULL);
INSERT INTO t_dictionary(dictid, itemid, itemDesc, itemSort, status, type, typename, begin_time, end_time, charges_status, member_price, price, date_type, item_value) VALUES ('393fba18-6309-4336-9ec0-84007775baa3', '5', '特价', 6, 1, 'COUPONWAY', '优惠方式', NULL, NULL, NULL, NULL, NULL, NULL, NULL);
INSERT INTO t_dictionary(dictid, itemid, itemDesc, itemSort, status, type, typename, begin_time, end_time, charges_status, member_price, price, date_type, item_value) VALUES ('3caf1384-4105-44a4-8d82-aaa5d63d432b', '5', '瓶', 6, 1, 'UNIT', '计量单位', NULL, NULL, NULL, NULL, NULL, NULL, NULL);
INSERT INTO t_dictionary(dictid, itemid, itemDesc, itemSort, status, type, typename, begin_time, end_time, charges_status, member_price, price, date_type, item_value) VALUES ('4', '4', '已结账', 4, 1, 'TABLESTATUS', '餐桌状态', NULL, NULL, NULL, NULL, NULL, NULL, NULL);
INSERT INTO t_dictionary(dictid, itemid, itemDesc, itemSort, status, type, typename, begin_time, end_time, charges_status, member_price, price, date_type, item_value) VALUES ('40', '0', '份', 1, 1, 'UNIT', '计量单位', NULL, NULL, NULL, NULL, NULL, NULL, NULL);
INSERT INTO t_dictionary(dictid, itemid, itemDesc, itemSort, status, type, typename, begin_time, end_time, charges_status, member_price, price, date_type, item_value) VALUES ('41', '1', '盘', 2, 0, 'UNIT', '计量单位', NULL, NULL, NULL, NULL, NULL, NULL, NULL);
INSERT INTO t_dictionary(dictid, itemid, itemDesc, itemSort, status, type, typename, begin_time, end_time, charges_status, member_price, price, date_type, item_value) VALUES ('42', '2', '斤', 3, 1, 'UNIT', '计量单位', NULL, NULL, NULL, NULL, NULL, NULL, NULL);
INSERT INTO t_dictionary(dictid, itemid, itemDesc, itemSort, status, type, typename, begin_time, end_time, charges_status, member_price, price, date_type, item_value) VALUES ('43', '3', '个', 4, 0, 'UNIT', '计量单位', NULL, NULL, NULL, NULL, NULL, NULL, NULL);
INSERT INTO t_dictionary(dictid, itemid, itemDesc, itemSort, status, type, typename, begin_time, end_time, charges_status, member_price, price, date_type, item_value) VALUES ('44', '4', '只', 5, 0, 'UNIT', '计量单位', NULL, NULL, NULL, NULL, NULL, NULL, NULL);
INSERT INTO t_dictionary(dictid, itemid, itemDesc, itemSort, status, type, typename, begin_time, end_time, charges_status, member_price, price, date_type, item_value) VALUES ('46', '5', '取消', 6, 1, 'ORDERSTATUS', '订单状态', NULL, NULL, NULL, NULL, NULL, NULL, NULL);
INSERT INTO t_dictionary(dictid, itemid, itemDesc, itemSort, status, type, typename, begin_time, end_time, charges_status, member_price, price, date_type, item_value) VALUES ('47', '0', '催菜', 1, 1, 'DISHACTIONTYPE', '菜品动作', NULL, NULL, NULL, NULL, NULL, NULL, NULL);
INSERT INTO t_dictionary(dictid, itemid, itemDesc, itemSort, status, type, typename, begin_time, end_time, charges_status, member_price, price, date_type, item_value) VALUES ('48', '1', '叫起', 2, 1, 'DISHACTIONTYPE', '菜品动作', NULL, NULL, NULL, NULL, NULL, NULL, NULL);
INSERT INTO t_dictionary(dictid, itemid, itemDesc, itemSort, status, type, typename, begin_time, end_time, charges_status, member_price, price, date_type, item_value) VALUES ('49', '2', '退菜', 3, 1, 'DISHACTIONTYPE', '菜品动作', NULL, NULL, NULL, NULL, NULL, NULL, NULL);
INSERT INTO t_dictionary(dictid, itemid, itemDesc, itemSort, status, type, typename, begin_time, end_time, charges_status, member_price, price, date_type, item_value) VALUES ('49bc644b-367d-4207-b8fd-1ee8a46f1af2', '2', NULL, NULL, 1, 'ROUNDING', '零头处理方式', NULL, NULL, NULL, NULL, NULL, NULL, NULL);
INSERT INTO t_dictionary(dictid, itemid, itemDesc, itemSort, status, type, typename, begin_time, end_time, charges_status, member_price, price, date_type, item_value) VALUES ('4adf5941-449e-4b87-82ca-4186a6e8fce0', '9', '会员卡销售', 10, 1, 'PAYWAY', '支付方式', NULL, NULL, NULL, NULL, NULL, NULL, NULL);
INSERT INTO t_dictionary(dictid, itemid, itemDesc, itemSort, status, type, typename, begin_time, end_time, charges_status, member_price, price, date_type, item_value) VALUES ('4b4e0194-b1b5-4bd3-aa63-4530de492695', '2', '全天', NULL, 1, 'BIZPERIODDATE', '营业时间', '07:00', '23:50', NULL, NULL, NULL, 'N', NULL);
INSERT INTO t_dictionary(dictid, itemid, itemDesc, itemSort, status, type, typename, begin_time, end_time, charges_status, member_price, price, date_type, item_value) VALUES ('5', '5', '已撤销', 5, 1, 'TABLESTATUS', '餐桌状态', NULL, NULL, NULL, NULL, NULL, NULL, NULL);
INSERT INTO t_dictionary(dictid, itemid, itemDesc, itemSort, status, type, typename, begin_time, end_time, charges_status, member_price, price, date_type, item_value) VALUES ('50', '0', '现金', 1, 1, 'PAYWAY', '支付方式', NULL, NULL, NULL, NULL, NULL, NULL, NULL);
INSERT INTO t_dictionary(dictid, itemid, itemDesc, itemSort, status, type, typename, begin_time, end_time, charges_status, member_price, price, date_type, item_value) VALUES ('51', '1', '银行卡', 2, 1, 'PAYWAY', '支付方式', NULL, NULL, NULL, NULL, NULL, NULL, NULL);
INSERT INTO t_dictionary(dictid, itemid, itemDesc, itemSort, status, type, typename, begin_time, end_time, charges_status, member_price, price, date_type, item_value) VALUES ('52', '8', '会员卡消费', 3, 1, 'PAYWAY', '支付方式', NULL, NULL, NULL, NULL, NULL, NULL, NULL);
INSERT INTO t_dictionary(dictid, itemid, itemDesc, itemSort, status, type, typename, begin_time, end_time, charges_status, member_price, price, date_type, item_value) VALUES ('53', '3', '优惠券', 4, 1, 'PAYWAY', '支付方式', NULL, NULL, NULL, NULL, NULL, NULL, NULL);
INSERT INTO t_dictionary(dictid, itemid, itemDesc, itemSort, status, type, typename, begin_time, end_time, charges_status, member_price, price, date_type, item_value) VALUES ('54', '0', '正常结算', 1, 1, 'SETTLESTATUS', '结算状态', NULL, NULL, NULL, NULL, NULL, NULL, NULL);
INSERT INTO t_dictionary(dictid, itemid, itemDesc, itemSort, status, type, typename, begin_time, end_time, charges_status, member_price, price, date_type, item_value) VALUES ('55', '1', '反结算', 1, 1, 'SETTLESTATUS', '结算状态', NULL, NULL, NULL, NULL, NULL, NULL, NULL);
INSERT INTO t_dictionary(dictid, itemid, itemDesc, itemSort, status, type, typename, begin_time, end_time, charges_status, member_price, price, date_type, item_value) VALUES ('56f02a12-7965-494d-b2ac-8f075c8b6ffa', '3', '代金券赠送', 4, 1, 'COUPONWAY', '优惠方式', NULL, NULL, NULL, NULL, NULL, NULL, NULL);
INSERT INTO t_dictionary(dictid, itemid, itemDesc, itemSort, status, type, typename, begin_time, end_time, charges_status, member_price, price, date_type, item_value) VALUES ('6', '1', '正常', 1, 1, 'TEMPSTATUS', '模板状态', NULL, NULL, NULL, NULL, NULL, NULL, NULL);
INSERT INTO t_dictionary(dictid, itemid, itemDesc, itemSort, status, type, typename, begin_time, end_time, charges_status, member_price, price, date_type, item_value) VALUES ('61', '5', '挂账', 5, 1, 'PAYWAY', '支付方式', NULL, NULL, NULL, NULL, NULL, NULL, NULL);
INSERT INTO t_dictionary(dictid, itemid, itemDesc, itemSort, status, type, typename, begin_time, end_time, charges_status, member_price, price, date_type, item_value) VALUES ('62', '4', '折扣', 6, 1, 'PAYWAY', '支付方式', NULL, NULL, NULL, NULL, NULL, NULL, NULL);
INSERT INTO t_dictionary(dictid, itemid, itemDesc, itemSort, status, type, typename, begin_time, end_time, charges_status, member_price, price, date_type, item_value) VALUES ('63', '6', '优免', 7, 1, 'PAYWAY', '支付方式', NULL, NULL, NULL, NULL, NULL, NULL, NULL);
INSERT INTO t_dictionary(dictid, itemid, itemDesc, itemSort, status, type, typename, begin_time, end_time, charges_status, member_price, price, date_type, item_value) VALUES ('65', '12', '雅座优惠券', 12, 1, 'PAYWAY', '支付方式', NULL, NULL, NULL, NULL, NULL, NULL, NULL);
INSERT INTO t_dictionary(dictid, itemid, itemDesc, itemSort, status, type, typename, begin_time, end_time, charges_status, member_price, price, date_type, item_value) VALUES ('66', '13', '挂帐2', 13, 1, 'PAYWAY', '支付方式', NULL, NULL, NULL, NULL, NULL, NULL, NULL);
INSERT INTO t_dictionary(dictid, itemid, itemDesc, itemSort, status, type, typename, begin_time, end_time, charges_status, member_price, price, date_type, item_value) VALUES ('67', '15', '挂帐调整', 15, 1, 'PAYWAY', '支付方式', NULL, NULL, NULL, NULL, NULL, NULL, NULL);
INSERT INTO t_dictionary(dictid, itemid, itemDesc, itemSort, status, type, typename, begin_time, end_time, charges_status, member_price, price, date_type, item_value) VALUES ('68', '16', '零找金', 16, 1, 'PAYWAY', '支付方式', NULL, NULL, NULL, NULL, NULL, NULL, NULL);
INSERT INTO t_dictionary(dictid, itemid, itemDesc, itemSort, status, type, typename, begin_time, end_time, charges_status, member_price, price, date_type, item_value) VALUES ('6b22c0d1-dbf2-4699-b057-8a5ae9505891', '0', '单品打折比率', 1, 1, 'COUPONWAY', '优惠方式', NULL, NULL, NULL, NULL, NULL, NULL, NULL);
INSERT INTO t_dictionary(dictid, itemid, itemDesc, itemSort, status, type, typename, begin_time, end_time, charges_status, member_price, price, date_type, item_value) VALUES ('6e218333-bd83-4f97-9f5c-75cfcc9fcbf8', NULL, '1', NULL, 1, 'SPECIAL', '忌口分类', NULL, NULL, NULL, NULL, NULL, NULL, NULL);
INSERT INTO t_dictionary(dictid, itemid, itemDesc, itemSort, status, type, typename, begin_time, end_time, charges_status, member_price, price, date_type, item_value) VALUES ('7', '2', '删除', 2, 1, 'TEMPSTATUS', '模板状态', NULL, NULL, NULL, NULL, NULL, NULL, NULL);
INSERT INTO t_dictionary(dictid, itemid, itemDesc, itemSort, status, type, typename, begin_time, end_time, charges_status, member_price, price, date_type, item_value) VALUES ('70', '1', '菜品优惠', 1, 1, 'COUPONSTYPE', '优惠大类', NULL, NULL, NULL, NULL, NULL, NULL, NULL);
INSERT INTO t_dictionary(dictid, itemid, itemDesc, itemSort, status, type, typename, begin_time, end_time, charges_status, member_price, price, date_type, item_value) VALUES ('71', '2', '订单优惠', 2, 1, 'COUPONSTYPE', '优惠大类', NULL, NULL, NULL, NULL, NULL, NULL, NULL);
INSERT INTO t_dictionary(dictid, itemid, itemDesc, itemSort, status, type, typename, begin_time, end_time, charges_status, member_price, price, date_type, item_value) VALUES ('72', '3', '储值优惠', 3, 1, 'COUPONSTYPE', '优惠大类', NULL, NULL, NULL, NULL, NULL, NULL, NULL);
INSERT INTO t_dictionary(dictid, itemid, itemDesc, itemSort, status, type, typename, begin_time, end_time, charges_status, member_price, price, date_type, item_value) VALUES ('73', '4', '团购优惠', 4, 1, 'COUPONSTYPE', '优惠大类', NULL, NULL, NULL, NULL, NULL, NULL, NULL);
INSERT INTO t_dictionary(dictid, itemid, itemDesc, itemSort, status, type, typename, begin_time, end_time, charges_status, member_price, price, date_type, item_value) VALUES ('74', '5', '合作伙伴优惠', 5, 1, 'COUPONSTYPE', '优惠大类', NULL, NULL, NULL, NULL, NULL, NULL, NULL);
INSERT INTO t_dictionary(dictid, itemid, itemDesc, itemSort, status, type, typename, begin_time, end_time, charges_status, member_price, price, date_type, item_value) VALUES ('75', '6', '其他优惠', 6, 1, 'COUPONSTYPE', '优惠大类', NULL, NULL, NULL, NULL, NULL, NULL, NULL);
INSERT INTO t_dictionary(dictid, itemid, itemDesc, itemSort, status, type, typename, begin_time, end_time, charges_status, member_price, price, date_type, item_value) VALUES ('783141d5-6a4c-44fb-a073-4d08a23043dc', '', '特检', NULL, 1, 'DISHLABEL', '菜品标签', NULL, NULL, NULL, NULL, NULL, NULL, NULL);
INSERT INTO t_dictionary(dictid, itemid, itemDesc, itemSort, status, type, typename, begin_time, end_time, charges_status, member_price, price, date_type, item_value) VALUES ('7b2f6445-076f-4d1e-b13f-a49fb35224c0', '1', '晚市', NULL, 1, 'BIZPERIODDATE', '营业时间', '16:00', '23:50', NULL, NULL, NULL, 'N', NULL);
INSERT INTO t_dictionary(dictid, itemid, itemDesc, itemSort, status, type, typename, begin_time, end_time, charges_status, member_price, price, date_type, item_value) VALUES ('8', '0', '有效', 1, 1, 'DISHSTATUS', '菜品状态', NULL, NULL, NULL, NULL, NULL, NULL, NULL);
INSERT INTO t_dictionary(dictid, itemid, itemDesc, itemSort, status, type, typename, begin_time, end_time, charges_status, member_price, price, date_type, item_value) VALUES ('80', '1', '团购', 1, 1, 'FREEPAYWAY', '优免方式', NULL, NULL, NULL, NULL, NULL, NULL, NULL);
INSERT INTO t_dictionary(dictid, itemid, itemDesc, itemSort, status, type, typename, begin_time, end_time, charges_status, member_price, price, date_type, item_value) VALUES ('81', '2', '公关', 2, 1, 'FREEPAYWAY', '优免方式', NULL, NULL, NULL, NULL, NULL, NULL, NULL);
INSERT INTO t_dictionary(dictid, itemid, itemDesc, itemSort, status, type, typename, begin_time, end_time, charges_status, member_price, price, date_type, item_value) VALUES ('82', '3', '代金券', 3, 1, 'FREEPAYWAY', '优免方式', NULL, NULL, NULL, NULL, NULL, NULL, NULL);
INSERT INTO t_dictionary(dictid, itemid, itemDesc, itemSort, status, type, typename, begin_time, end_time, charges_status, member_price, price, date_type, item_value) VALUES ('83', '4', '会员', 4, 1, 'FREEPAYWAY', '优免方式', NULL, NULL, NULL, NULL, NULL, NULL, NULL);
INSERT INTO t_dictionary(dictid, itemid, itemDesc, itemSort, status, type, typename, begin_time, end_time, charges_status, member_price, price, date_type, item_value) VALUES ('84', '5', '其它', 5, 1, 'FREEPAYWAY', '优免方式', NULL, NULL, NULL, NULL, NULL, NULL, NULL);
INSERT INTO t_dictionary(dictid, itemid, itemDesc, itemSort, status, type, typename, begin_time, end_time, charges_status, member_price, price, date_type, item_value) VALUES ('85f83e8e-6f45-4eb6-a4eb-fb4faab3773f', '7', '抹零', 8, 1, 'PAYWAY', '支付方式', NULL, NULL, NULL, NULL, NULL, NULL, NULL);
INSERT INTO t_dictionary(dictid, itemid, itemDesc, itemSort, status, type, typename, begin_time, end_time, charges_status, member_price, price, date_type, item_value) VALUES ('9', '1', '无效', 2, 1, 'DISHSTATUS', '菜品状态', NULL, NULL, NULL, NULL, NULL, NULL, NULL);
INSERT INTO t_dictionary(dictid, itemid, itemDesc, itemSort, status, type, typename, begin_time, end_time, charges_status, member_price, price, date_type, item_value) VALUES ('90', '1', '团购', 1, 1, 'COUPONSCATEGORY', '优惠分类', NULL, NULL, NULL, NULL, NULL, NULL, NULL);
INSERT INTO t_dictionary(dictid, itemid, itemDesc, itemSort, status, type, typename, begin_time, end_time, charges_status, member_price, price, date_type, item_value) VALUES ('91', '2', '银行', 2, 1, 'COUPONSCATEGORY', '优惠分类', NULL, NULL, NULL, NULL, NULL, NULL, NULL);
INSERT INTO t_dictionary(dictid, itemid, itemDesc, itemSort, status, type, typename, begin_time, end_time, charges_status, member_price, price, date_type, item_value) VALUES ('92', '3', '会员', 3, 1, 'COUPONSCATEGORY', '优惠分类', NULL, NULL, NULL, NULL, NULL, NULL, NULL);
INSERT INTO t_dictionary(dictid, itemid, itemDesc, itemSort, status, type, typename, begin_time, end_time, charges_status, member_price, price, date_type, item_value) VALUES ('93', '4', '自营', 4, 1, 'COUPONSCATEGORY', '优惠分类', NULL, NULL, NULL, NULL, NULL, NULL, NULL);
INSERT INTO t_dictionary(dictid, itemid, itemDesc, itemSort, status, type, typename, begin_time, end_time, charges_status, member_price, price, date_type, item_value) VALUES ('94', '5', '合作', 5, 1, 'COUPONSCATEGORY', '优惠分类', NULL, NULL, NULL, NULL, NULL, NULL, NULL);
INSERT INTO t_dictionary(dictid, itemid, itemDesc, itemSort, status, type, typename, begin_time, end_time, charges_status, member_price, price, date_type, item_value) VALUES ('95', '6', '套餐', 6, 1, 'COUPONSCATEGORY', '优惠分类', NULL, NULL, NULL, NULL, NULL, NULL, NULL);
INSERT INTO t_dictionary(dictid, itemid, itemDesc, itemSort, status, type, typename, begin_time, end_time, charges_status, member_price, price, date_type, item_value) VALUES ('96', '20', '四舍五入调整', 20, 1, 'PAYWAY', '支付方式', NULL, NULL, NULL, NULL, NULL, NULL, NULL);
INSERT INTO t_dictionary(dictid, itemid, itemDesc, itemSort, status, type, typename, begin_time, end_time, charges_status, member_price, price, date_type, item_value) VALUES ('99', '0', '菜品质量', 1, 1, 'COMPLAINT', '投诉', NULL, NULL, NULL, NULL, NULL, NULL, NULL);
INSERT INTO t_dictionary(dictid, itemid, itemDesc, itemSort, status, type, typename, begin_time, end_time, charges_status, member_price, price, date_type, item_value) VALUES ('a260d7c9-4169-4a5a-b9e0-9a3eeb33a5d2', '8', '杯', 8, 1, 'UNIT', '计量单位', NULL, NULL, NULL, NULL, NULL, NULL, NULL);
INSERT INTO t_dictionary(dictid, itemid, itemDesc, itemSort, status, type, typename, begin_time, end_time, charges_status, member_price, price, date_type, item_value) VALUES ('a6540ef6-eb67-424b-b282-cdcfbf6a6f3a', '', '好吃', NULL, 1, 'DISHLABEL', '菜品标签', NULL, NULL, NULL, NULL, NULL, NULL, NULL);
INSERT INTO t_dictionary(dictid, itemid, itemDesc, itemSort, status, type, typename, begin_time, end_time, charges_status, member_price, price, date_type, item_value) VALUES ('b8ac08a1-7e9c-454d-800c-f3fbd3f11eb3', '9', '扎', 9, 1, 'UNIT', '计量单位', NULL, NULL, NULL, NULL, NULL, NULL, NULL);
INSERT INTO t_dictionary(dictid, itemid, itemDesc, itemSort, status, type, typename, begin_time, end_time, charges_status, member_price, price, date_type, item_value) VALUES ('backpsd', '1', '退菜密码', 2, 1, 'PASSWORD', '通用密码', NULL, NULL, NULL, NULL, NULL, NULL, NULL);
INSERT INTO t_dictionary(dictid, itemid, itemDesc, itemSort, status, type, typename, begin_time, end_time, charges_status, member_price, price, date_type, item_value) VALUES ('bca2e572-f5b7-4408-a417-a86410ec3d0e', '11111', '11111', 1111111, 0, 'TABLESTATUS', '餐桌状态', NULL, NULL, NULL, NULL, NULL, NULL, NULL);
INSERT INTO t_dictionary(dictid, itemid, itemDesc, itemSort, status, type, typename, begin_time, end_time, charges_status, member_price, price, date_type, item_value) VALUES ('ca70af2f-8ca2-4522-8ccb-bc888c0eecde', NULL, '3', NULL, 1, 'SPECIAL', '忌口分类', NULL, NULL, NULL, NULL, NULL, NULL, NULL);
INSERT INTO t_dictionary(dictid, itemid, itemDesc, itemSort, status, type, typename, begin_time, end_time, charges_status, member_price, price, date_type, item_value) VALUES ('delaytime', '60', '屏保停留时间', 1, 1, 'DELAYTIME', '屏保停留时间', NULL, NULL, NULL, NULL, NULL, NULL, NULL);
INSERT INTO t_dictionary(dictid, itemid, itemDesc, itemSort, status, type, typename, begin_time, end_time, charges_status, member_price, price, date_type, item_value) VALUES ('DISHES_98', '11', '餐具设置', NULL, 1, 'DISHES', '餐具设置', NULL, NULL, '1', '', '2', NULL, NULL);
INSERT INTO t_dictionary(dictid, itemid, itemDesc, itemSort, status, type, typename, begin_time, end_time, charges_status, member_price, price, date_type, item_value) VALUES ('ed1f08c9-f549-4360-a2a5-5adb5d0e8a74', '7', '小份', 8, 1, 'UNIT', '计量单位', NULL, NULL, NULL, NULL, NULL, NULL, NULL);
INSERT INTO t_dictionary(dictid, itemid, itemDesc, itemSort, status, type, typename, begin_time, end_time, charges_status, member_price, price, date_type, item_value) VALUES ('f0377369-b11d-4430-aa61-50b5a83e8c28', '10', '会员卡赠送', 11, 1, 'PAYWAY', '支付方式', NULL, NULL, NULL, NULL, NULL, NULL, NULL);
INSERT INTO t_dictionary(dictid, itemid, itemDesc, itemSort, status, type, typename, begin_time, end_time, charges_status, member_price, price, date_type, item_value) VALUES ('f5ed822f-2b98-43bd-bcc2-5973d0b25c0c', '', '热门', NULL, 1, 'DISHLABEL', '菜品标签', NULL, NULL, NULL, NULL, NULL, NULL, NULL);
INSERT INTO t_dictionary(dictid, itemid, itemDesc, itemSort, status, type, typename, begin_time, end_time, charges_status, member_price, price, date_type, item_value) VALUES ('f708c290-7506-4a64-9274-6842b8293111', '111', '1111', 11111, 0, '1', '11', NULL, NULL, NULL, NULL, NULL, NULL, NULL);
INSERT INTO t_dictionary(dictid, itemid, itemDesc, itemSort, status, type, typename, begin_time, end_time, charges_status, member_price, price, date_type, item_value) VALUES ('f741cee7-3f5a-4cd3-8403-19cfadab4e55', '11', '会员积分消费', 12, 1, 'PAYWAY', '支付方式', NULL, NULL, NULL, NULL, NULL, NULL, NULL);
INSERT INTO t_dictionary(dictid, itemid, itemDesc, itemSort, status, type, typename, begin_time, end_time, charges_status, member_price, price, date_type, item_value) VALUES ('f812372f-866e-48ca-9970-317f3da78792', '6', '大份', 7, 1, 'UNIT', '计量单位', NULL, NULL, NULL, NULL, NULL, NULL, NULL);
INSERT INTO t_dictionary(dictid, itemid, itemDesc, itemSort, status, type, typename, begin_time, end_time, charges_status, member_price, price, date_type, item_value) VALUES ('fa7fe3f6-0bb6-4149-a99a-963eb2a4df38', '6', '会员价', 7, 1, 'COUPONWAY', '优惠方式', NULL, NULL, NULL, NULL, NULL, NULL, NULL);
INSERT INTO t_dictionary(dictid, itemid, itemDesc, itemSort, status, type, typename, begin_time, end_time, charges_status, member_price, price, date_type, item_value) VALUES ('fd923efb-4cdc-4368-9e2c-32aeff852d82', '0', '午市', NULL, 1, 'BIZPERIODDATE', '营业时间', '07:00', '16:00', NULL, NULL, NULL, 'T', NULL);
INSERT INTO t_dictionary(dictid, itemid, itemDesc, itemSort, status, type, typename, begin_time, end_time, charges_status, member_price, price, date_type, item_value) VALUES ('locktime', '120', '屏保锁屏时间', 1, 1, 'LOCKTIME', '屏保锁屏时间', NULL, NULL, NULL, NULL, NULL, NULL, NULL);
INSERT INTO t_dictionary(dictid, itemid, itemDesc, itemSort, status, type, typename, begin_time, end_time, charges_status, member_price, price, date_type, item_value) VALUES ('SECRETKEY', '0', '0', 1, 1, 'PASSWORD', '通用密码', NULL, NULL, NULL, NULL, NULL, NULL, NULL);
INSERT INTO t_dictionary(dictid, itemid, itemDesc, itemSort, status, type, typename, begin_time, end_time, charges_status, member_price, price, date_type, item_value) VALUES ('vipaddress', '192.168.104.252:8081', '雅座的VIP地址', 1, 1, 'VIPADDRESS', '雅座的VIP地址', NULL, NULL, NULL, NULL, NULL, NULL, NULL);
INSERT INTO t_dictionary(dictid, itemid, itemDesc, itemSort, status, type, typename, begin_time, end_time, charges_status, member_price, price, date_type, item_value) VALUES ('110', '17', '微信支付', '17', '1', 'PAYWAY', '支付方式', NULL, NULL, NULL, NULL, NULL, NULL, NULL);
INSERT INTO t_dictionary(dictid, itemid, itemDesc, itemSort, status, type, typename, begin_time, end_time, charges_status, member_price, price, date_type, item_value) VALUES ('111', '18', '支付宝支付', '18', '1', 'PAYWAY', '支付方式', NULL, NULL, NULL, NULL, NULL, NULL, NULL); 
insert into t_dictionary(dictid,itemid,itemDesc,itemSort,status,type,typename) VALUES('2fd28343-be4a-4276a439-b32babb2342f','30','微信扫码支付',30,1,'PAYWAY','支付方式');
-- POS结账银行列表
INSERT INTO t_dictionary(dictid, itemid, itemDesc, itemSort, status, type, typename, begin_time, end_time, charges_status, member_price, price, date_type, item_value) VALUES ('200', '0', '其他银行', 100, '1', 'BANK', '刷卡银行', null, null, null, null, null, null, null);
INSERT INTO t_dictionary(dictid, itemid, itemDesc, itemSort, status, type, typename, begin_time, end_time, charges_status, member_price, price, date_type, item_value) VALUES ('201', '1', '工商银行', 1, '1', 'BANK', '刷卡银行', null, null, null, null, null, null, null);
INSERT INTO t_dictionary(dictid, itemid, itemDesc, itemSort, status, type, typename, begin_time, end_time, charges_status, member_price, price, date_type, item_value) VALUES ('202', '2', '农业银行', 2, '1', 'BANK', '刷卡银行', null, null, null, null, null, null, null);
INSERT INTO t_dictionary(dictid, itemid, itemDesc, itemSort, status, type, typename, begin_time, end_time, charges_status, member_price, price, date_type, item_value) VALUES ('203', '3', '建设银行', 3, '1', 'BANK', '刷卡银行', null, null, null, null, null, null, null);
INSERT INTO t_dictionary(dictid, itemid, itemDesc, itemSort, status, type, typename, begin_time, end_time, charges_status, member_price, price, date_type, item_value) VALUES ('204', '4', '中国银行', 4, '1', 'BANK', '刷卡银行', null, null, null, null, null, null, null);
INSERT INTO t_dictionary(dictid, itemid, itemDesc, itemSort, status, type, typename, begin_time, end_time, charges_status, member_price, price, date_type, item_value) VALUES ('205', '5', '浦发银行', 5, '1', 'BANK', '刷卡银行', null, null, null, null, null, null, null);
INSERT INTO t_dictionary(dictid, itemid, itemDesc, itemSort, status, type, typename, begin_time, end_time, charges_status, member_price, price, date_type, item_value) VALUES ('206', '6', '招商银行', 6, '1', 'BANK', '刷卡银行', null, null, null, null, null, null, null);
INSERT INTO t_dictionary(dictid, itemid, itemDesc, itemSort, status, type, typename, begin_time, end_time, charges_status, member_price, price, date_type, item_value) VALUES ('207', '7', '中信银行', 7, '1', 'BANK', '刷卡银行', null, null, null, null, null, null, null);
INSERT INTO t_dictionary(dictid, itemid, itemDesc, itemSort, status, type, typename, begin_time, end_time, charges_status, member_price, price, date_type, item_value) VALUES ('208', '8', '民生银行', 8, '1', 'BANK', '刷卡银行', null, null, null, null, null, null, null);
INSERT INTO t_dictionary(dictid, itemid, itemDesc, itemSort, status, type, typename, begin_time, end_time, charges_status, member_price, price, date_type, item_value) VALUES ('209', '9', '光大银行', 9, '1', 'BANK', '刷卡银行', null, null, null, null, null, null, null);
INSERT INTO t_dictionary(dictid, itemid, itemDesc, itemSort, status, type, typename, begin_time, end_time, charges_status, member_price, price, date_type, item_value) VALUES ('210', '10', '平安银行', 10, '1', 'BANK', '刷卡银行', null, null, null, null, null, null, null);
INSERT INTO t_dictionary(dictid, itemid, itemDesc, itemSort, status, type, typename, begin_time, end_time, charges_status, member_price, price, date_type, item_value) VALUES ('211', '11', '北京银行', 11, '1', 'BANK', '刷卡银行', null, null, null, null, null, null, null);
-- 通知消息类型（原始数据，需要根据实际情况更改）
INSERT INTO t_dictionary(dictid, itemid, itemDesc, itemSort, status, type, typename, begin_time, end_time, charges_status, member_price, price, date_type, item_value) VALUES ('notification1', '4', '加盐', '4', '1', 'NOTIFICATION', '消息通知类型', NULL, NULL, NULL, NULL, NULL, NULL, '160');
INSERT INTO t_dictionary(dictid, itemid, itemDesc, itemSort, status, type, typename, begin_time, end_time, charges_status, member_price, price, date_type, item_value) VALUES ('notification2', '5', '加水', '5', '1', 'NOTIFICATION', '消息通知类型', NULL, NULL, NULL, NULL, NULL, NULL, '150');
INSERT INTO t_dictionary(dictid, itemid, itemDesc, itemSort, status, type, typename, begin_time, end_time, charges_status, member_price, price, date_type, item_value) VALUES ('notification3', '6', '换碟', '6', '1', 'NOTIFICATION', '消息通知类型', NULL, NULL, NULL, NULL, NULL, NULL, '140');


INSERT INTO t_p_preferential_type_dict(code, name, subtable_name, is_subtype, parent_type) VALUES ('01', '特价券', 't_p_special_ticket', 0, NULL);
INSERT INTO t_p_preferential_type_dict(code, name, subtable_name, is_subtype, parent_type) VALUES ('02', '折扣券', 't_p_discount_tickets', 0, NULL);
INSERT INTO t_p_preferential_type_dict(code, name, subtable_name, is_subtype, parent_type) VALUES ('03', '代金券', 't_p_voucher', 0, NULL);
INSERT INTO t_p_preferential_type_dict(code, name, subtable_name, is_subtype, parent_type) VALUES ('04', '礼品券', NULL, 0, NULL);
INSERT INTO t_p_preferential_type_dict(code, name, subtable_name, is_subtype, parent_type) VALUES ('05', '团购券', 't_p_groupon', 0, NULL);
INSERT INTO t_p_preferential_type_dict(code, name, subtable_name, is_subtype, parent_type) VALUES ('06', '其他优惠', NULL, 0, NULL);
INSERT INTO t_p_preferential_type_dict(code, name, subtable_name, is_subtype, parent_type) VALUES ('0601', '手工优免', 't_p_handfree', 1, '06');
INSERT INTO t_p_preferential_type_dict(code, name, subtable_name, is_subtype, parent_type) VALUES ('0602', '内部优免', 't_p_innerfree', 1, '06');
INSERT INTO t_p_preferential_type_dict(code, name, subtable_name, is_subtype, parent_type) VALUES ('99', '雅座优惠券', '', 0, '');

INSERT INTO tableseqno(name, val) VALUES ('tableid', 1);
INSERT INTO tableseqno(name, val) VALUES ('parternerid', 1);
INSERT INTO tableseqno(name, val) VALUES ('printobjid', 1);
INSERT INTO tableseqno(name, val) VALUES ('printdishid', 1);
INSERT INTO tableseqno(name, val) VALUES ('couponsid', 1);
INSERT INTO tableseqno(name, val) VALUES ('couponruleid', 1);
INSERT INTO tableseqno(name, val) VALUES ('parternercouponid', 1);
INSERT INTO tableseqno(name, val) VALUES ('dishNo', 20000);
INSERT INTO tableseqno(name, val) VALUES ('dishSetNo', 30000);
INSERT INTO tableseqno(name, val) VALUES ('fishPotNo', 10000);

INSERT INTO t_dish (dishid, dishNo, columnId, userId, title, label, introduction, source, author, image, imagetitle, content, isDisplay, isHead, headSort, isSelect, createTime, releaseTime, modifyTime, status, vipprice, price, level, printer, unit, abbrdesc, dishtype, orderNum, recommend, weigh, py, cantakeout) VALUES ('DISHES_98', '20273', NULL, 'bcc7a4cb0e9d46198771727f93480f1a', '餐具四件套', NULL, NULL, 'e3ff282c-313a-4cad-8614-b3ea59e7456c', NULL, 'upload/1431600041346.png', NULL, NULL, '1', NULL, '1', '1', '2015-05-14 18:40:41', NULL, NULL, '1', '', '2', NULL, NULL, '份', NULL, '0', '86', '1', '0', 'CJSJT', False);

INSERT INTO t_b_role(id, code, name, type, scope_code, scope_name, status, description, createtime, creator) VALUES ('d6e6fb6045034c8ab49436bcce461b02', null, '管理员', null, '-1', null, null, null, '2015-06-17 21:55:45', null);

INSERT INTO t_b_role_function (id, role, `function`, role_name, function_name) VALUES ('03df3e8f-7806-4278-ae79-dc27653935eb', 'd6e6fb6045034c8ab49436bcce461b02', '3bcb378d-9412-49f5-90da-b0b16634a783', NULL, NULL); 
INSERT INTO t_b_role_function (id, role, `function`, role_name, function_name) VALUES ('17580c6c-c6d9-4c38-a99a-c89c6a03253a', 'd6e6fb6045034c8ab49436bcce461b02', '3f79641c-896e-4383-91ea-aa9731d12345', NULL, NULL); 
INSERT INTO t_b_role_function (id, role, `function`, role_name, function_name) VALUES ('306afff0-a41f-4e15-93c9-1e2972b7cf8a', 'd6e6fb6045034c8ab49436bcce461b02', '3f79641c-896e-4383-91ea-aa9731da6d2e', NULL, NULL); 
INSERT INTO t_b_role_function (id, role, `function`, role_name, function_name) VALUES ('35ddb100-c17e-42c0-a850-efe09cd1c924', 'd6e6fb6045034c8ab49436bcce461b02', '85969423-01b2-460b-937e-a8743694f46d', NULL, NULL); 
INSERT INTO t_b_role_function (id, role, `function`, role_name, function_name) VALUES ('658b5dbd-28e5-44ed-8478-c4c5e0db20ba', 'd6e6fb6045034c8ab49436bcce461b02', '883b94e9-3f44-44fc-82c1-2cf28aa22890', NULL, NULL); 
INSERT INTO t_b_role_function (id, role, `function`, role_name, function_name) VALUES ('658b5dbd-28e5-44ed-8478-c4c5e0db20ba2', 'd6e6fb6045034c8ab49436bcce461b02', '5eb5e07d-ee9e-449a-a837-e4bb25a67890', NULL, NULL);

INSERT into t_dictionary (dictid,itemid,itemDesc,itemSort,`status`,type,typename)  VALUES('activity000','0','赠菜','0','1','ACTIVITY','手工优免活动方式');
INSERT into t_dictionary (dictid,itemid,itemDesc,itemSort,`status`,type,typename) VALUES('activity001','1','折扣','1','1','ACTIVITY','手工优免活动方式');
INSERT into t_dictionary (dictid,itemid,itemDesc,itemSort,`status`,type,typename) VALUES('activity002','2','减免','2','1','ACTIVITY','手工优免活动方式');

INSERT into t_dictionary (dictid,itemid,itemDesc,itemSort,`status`,type,typename) VALUES('payway000','0','微信支付','0','1','PAYWAYTYPE','在线支付优免支付类型');
INSERT into t_dictionary (dictid,itemid,itemDesc,itemSort,`status`,type,typename) VALUES('payway001','1','支付宝','1','1','PAYWAYTYPE','在线支付优免支付类型');

INSERT into t_dictionary (dictid,itemid,itemDesc,itemSort,`status`,type,typename) VALUES('cooperationNnit000','0','折扣','0','1','cooperationNnit','合作单位活动方式');
INSERT into t_dictionary (dictid,itemid,itemDesc,itemSort,`status`,type,typename)  VALUES('cooperationNnit001','1','减免','1','1','cooperationNnit','合作单位活动方式');
INSERT into t_dictionary (dictid,itemid,itemDesc,itemSort,`status`,type,typename) VALUES('cooperationNnit002','2','无优免','2','1','cooperationNnit','合作单位活动方式');

INSERT INTO `t_p_preferential_type_dict` VALUES ('07', '手工优惠', null, '0', null);
INSERT INTO `t_p_preferential_type_dict` VALUES ('08', '合作单位', null, '0', null);
INSERT INTO `t_p_preferential_type_dict` VALUES ('09', '在线支付优免', null, '0', null);

INSERT INTO `t_b_function` VALUES ('2d4f4a66-b2c2-11e5-8ac5-00ff59e0a7b2', '进销存', '0315', '1', 2, '575dcbd4-28ce-4f53-b01a-e7e96be38ed8', 0, NULL, NULL, NULL, '2016-1-4 17:32:36', NULL, '03', '所有门店', 38);
INSERT INTO `t_b_function` VALUES ('9dfab887-b2c2-11e5-8ac5-00ff59e0a7b2', '基本信息管理', '031501', '1', 3, '2d4f4a66-b2c2-11e5-8ac5-00ff59e0a7b2', 1, NULL, NULL, NULL, '2016-1-4 17:33:30', NULL, '03', '所有门店', 37);
INSERT INTO `t_b_function` VALUES ('ea4a1d29-b2c5-11e5-8ac5-00ff59e0a7b2', '入库管理', '031502', '1', 3, '2d4f4a66-b2c2-11e5-8ac5-00ff59e0a7b2', 1, NULL, NULL, NULL, '2016-1-4 17:34:40', NULL, '03', '所有门店', 63);
INSERT INTO `t_b_function` VALUES ('10781aad-b2c6-11e5-8ac5-00ff59e0a7b2', '出库管理', '031503', '1', 3, '2d4f4a66-b2c2-11e5-8ac5-00ff59e0a7b2', 1, NULL, NULL, NULL, '2016-1-4 17:35:43', NULL, '03', '所有门店', 64);
INSERT INTO `t_b_function` VALUES ('2c59880e-b2c6-11e5-8ac5-00ff59e0a7b2', '库存一览', '031504', '1', 3, '2d4f4a66-b2c2-11e5-8ac5-00ff59e0a7b2', 1, NULL, NULL, NULL, '2016-1-4 17:36:36', NULL, '03', '所有门店', 65);
INSERT INTO `t_b_function` VALUES ('47d8258a-b2c6-11e5-8ac5-00ff59e0a7b2', '库存盘点', '031505', '1', 3, '2d4f4a66-b2c2-11e5-8ac5-00ff59e0a7b2', 1, NULL, NULL, NULL, '2016-1-4 17:37:15', NULL, '03', '所有门店', 66);
INSERT INTO `t_b_function` VALUES ('5f5f8848-b2c6-11e5-8ac5-00ff59e0a7b2', '销售管理', '031506', '1', 3, '2d4f4a66-b2c2-11e5-8ac5-00ff59e0a7b2', 1, NULL, NULL, NULL, '2016-1-4 17:39:04', NULL, '03', '所有门店', 67);
INSERT INTO `t_b_function` VALUES ('2944211e-b2da-11e5-8ac5-00ff59e0a7b2', '原料出入库明细表', '031507', '1', 3, '2d4f4a66-b2c2-11e5-8ac5-00ff59e0a7b2', 1, NULL, NULL, NULL, '2016-1-4 19:59:46', NULL, '03', '所有门店', 68);

INSERT INTO `t_b_url` VALUES ('869b858a-b2db-11e5-8ac5-00ff59e0a7b2', '报表查看_原料出入库明细表', 'psi/chart/main', NULL, NULL, '2016-1-4 20:09:07', NULL);
INSERT INTO `t_b_url` VALUES ('c00e92df-b2da-11e5-8ac5-00ff59e0a7b2', '进销存_入库管理', 'psi/basic/inStorage', NULL, NULL, '2016-1-4 20:04:45', NULL);
INSERT INTO `t_b_url` VALUES ('24cc66a9-b2db-11e5-8ac5-00ff59e0a7b2', '进销存_出库管理', 'psi/basic/outStorage', NULL, NULL, '2016-1-4 20:06:23', NULL);
INSERT INTO `t_b_url` VALUES ('fd01115f-b2da-11e5-8ac5-00ff59e0a7b2', '进销存_基本信息管理', 'psi/basic/container', NULL, NULL, '2016-1-4 20:05:49', NULL);
INSERT INTO `t_b_url` VALUES ('6f4890da-b2db-11e5-8ac5-00ff59e0a7b2', '进销存_库存一览', 'psi/basic/inventory', NULL, NULL, '2016-1-4 20:06:48', NULL);
INSERT INTO `t_b_url` VALUES ('669c400c-b2db-11e5-8ac5-00ff59e0a7b2', '进销存_库存盘点', 'psi/basic/inventoryBill', NULL, NULL, '2016-1-4 20:07:19', NULL);
INSERT INTO `t_b_url` VALUES ('5fd495e0-b2db-11e5-8ac5-00ff59e0a7b2', '进销存_销售管理', 'psi/basic/order', NULL, NULL, '2016-1-4 20:08:05', NULL);


INSERT INTO `t_b_function_url` VALUES ('54aa4c0d-b2dc-11e5-8ac5-00ff59e0a7b2', 'ea4a1d29-b2c5-11e5-8ac5-00ff59e0a7b2', 'c00e92df-b2da-11e5-8ac5-00ff59e0a7b2');
INSERT INTO `t_b_function_url` VALUES ('55f91646-b358-11e5-b2d9-002522370b01', '9dfab887-b2c2-11e5-8ac5-00ff59e0a7b2', 'fd01115f-b2da-11e5-8ac5-00ff59e0a7b2');
INSERT INTO `t_b_function_url` VALUES ('601f9a5c-b2dc-11e5-8ac5-00ff59e0a7b2', '10781aad-b2c6-11e5-8ac5-00ff59e0a7b2', '24cc66a9-b2db-11e5-8ac5-00ff59e0a7b2');
INSERT INTO `t_b_function_url` VALUES ('663ae26b-b2dc-11e5-8ac5-00ff59e0a7b2', '2c59880e-b2c6-11e5-8ac5-00ff59e0a7b2', '6f4890da-b2db-11e5-8ac5-00ff59e0a7b2');
INSERT INTO `t_b_function_url` VALUES ('6e8012b2-b2dc-11e5-8ac5-00ff59e0a7b2', '5f5f8848-b2c6-11e5-8ac5-00ff59e0a7b2', '5fd495e0-b2db-11e5-8ac5-00ff59e0a7b2');
INSERT INTO `t_b_function_url` VALUES ('74673403-b2dc-11e5-8ac5-00ff59e0a7b2', '2944211e-b2da-11e5-8ac5-00ff59e0a7b2', '869b858a-b2db-11e5-8ac5-00ff59e0a7b2');
INSERT INTO `t_b_function_url` VALUES ('7a723946-b2dc-11e5-8ac5-00ff59e0a7b2', '47d8258a-b2c6-11e5-8ac5-00ff59e0a7b2', '669c400c-b2db-11e5-8ac5-00ff59e0a7b2');

INSERT INTO `t_b_padconfig` VALUES ('1', '0', '1', null,null, '1', '1', 'http://member.candaochina.com', null, '1', '1', '1', '1', '1', '1', '1', '60', '1', '5', null, null, null, null, null, 1, null);
commit;
-- 
-- Enable foreign keys
-- 
/*!40014 SET FOREIGN_KEY_CHECKS=@OLD_FOREIGN_KEY_CHECKS */;